claim_id,claim,assumptions,proof_or_method,executable_check,raw_evidence,paper_location,maturity,fresh_recheck,limits
C01,Nonnegative saturation preserves each exact distance table and makes the projected sum consistent and admissible,Finite goal-reachable fixed labelled abstractions; nonnegative costs; transition/goal-preserving projections,proofs/results.tex: Lemma 1,tests/check_all.py,results/checks.json,main.tex equation (1); supplement section 1,proved; established background,Clean-extraction oracle reconciliation passed,Not claimed novel; no infinity or negative-allocation implementation
C02,A decrease confined initially to one nontrivial incidence changes every table on an arbitrarily long degree-two path,"Boolean adjacent-set actions; singleton order; delta in (0,1]",proofs/results.tex: Proposition 2 induction,pilot.py; tests/check_all.py,results/pilot.json; results/checks.json,main.tex: A path already suffices; supplement section 2,proved with finite checks,All retained relay cases reproduced,"Linear materialized writes, not all representations or algorithms"
C03,"For every k>=0, a degree-three Boolean task with 2k+3 singleton patterns attains one final residual difference F_(k+3) from one unit decrease while changing every table",Fibonacci carry construction; finite nonnegative integer costs; non-self-loop incidence and advancing-set size at most three,"proofs/results.tex: Theorem 7 complete initializer, carry recurrence, cleanup, counts, tightness link",tests/check_amplification.py,results/amplification.json,main.tex central tight theorem and Figure 1; supplement Theorem 7,proved with independent-algorithm oracle checks; matches upper bound,"k=0,1,2,3,4,8,16,32,64 reproduced against independent oracle","Residual amplitude, not plan cost or time; largest cost F_(k+3) and Theta(k) input bits; tightness requires support at most two"
C04,"Fibonacci amplifier support is at most two, action incidence and advancing-set size are at most three, and every one of 2k+3 tables changes",All labels have goal self-loops; fresh labels have no earlier nontrivial incidence,proofs/results.tex: Theorem 7 stage differences and incidence accounting,tests/check_amplification.py,results/amplification.json,main.tex theorem/figure; supplement Theorem 7,proved; checked,"Incidence, advancing-set size, support, all-table-change and max-cost conditions reproduced",General update implementation remains nonnegative; explicit materialization is not a lower bound for symbolic representations
C05,An old exact table is exact under q iff old saturation is feasible and all vertices have a new-tight goal path,Fixed graph; finite nonnegative costs; old exact table and its bound saturation,proofs/results.tex: Proposition 8,tests/check_all.py,results/checks.json,main.tex Exact Reuse; supplement section 4,proved; standard shortest-path optimality condition,40095 graph/cost pairs reproduced,"Feasibility alone gives a lower bound, not exactness; not a new certificate theorem"
C06,"Sequential exact reuse returns the same values, allocations and residual offers as full ordered rebuilding",Fixed order and graphs; valid cached tables; exact predicate before reuse,proofs/results.tex: ordered induction; src/cascades.py update,tests/check_all.py; benchmark.py,results/checks.json; results/campaign/,main.tex Exact Reuse; supplement section 4,proved and checked,1440 sequential updates and all timed-case deterministic fields reproduced,Minimal whole-table rebuild count does not imply minimal execution time
C07,Local tight-edge equality can accept an incorrect stale table on a zero-cost SCC; global tight-goal reachability rejects it,Explicit three-vertex negative control,proofs/results.tex: zero-cycle control,pilot.py; tests/check_all.py,results/pilot.json; results/checks.json,main.tex Exact Reuse; supplement section 4,constructive negative control,Negative control rejected again,Need newly tight alternatives; not just old optimal edges
C08,Feasible new allocations cannot justify unrelated old values: the stale relay sum is 3 while the optimal plan costs 2,"m=3 relay; delta=1; concrete state (1,0,0)",proofs/results.tex: stale-table counterexample,pilot.py,results/pilot.json,main.tex Exact Reuse; supplement controls,proved and checked,Value 3 and exact cost 2 reproduced,The deliberately invalid mixture is not an admissible baseline
C09,Global scaling and recomputed full-cost maximum are consistent and admissible,Scale gamma is min of 1 and ratios over positive old costs; fixed abstractions,proofs/results.tex: Global scaling; Recomputed maximum,tests/check_all.py; benchmark.py,results/checks.json; results/campaign/,main.tex Bounded Evidence; supplement baseline proofs,proved and checked,All 384 concrete state/update combinations reproduced,Scale uses exact fractions; maximum is not an optimal partition
C10,"All 900 primary timed searches finish; full/exact/support have equal tables, allocations and expansions",Frozen 60 synthetic cases; three repeats; one worker; identical A*,inputs/campaign.json; benchmark.py,reproduce.py,results/campaign/; results/reproduction/reproduction.json,main.tex Table 1; supplement timing protocol,measured and reproduced,900 deterministic search records matched in clean extraction,Large timing tasks do not have an independent full-state concrete oracle
C11,Exact reuse writes 28.5 percent of entries; summed per-case median total time is 34.73 ms versus 40.95 ms full,Primary frozen synthetic microstudy; instrumented work; graph/initial-table construction excluded,summarize.py; make_tables.py,reproduce.py,results/summary.json; results/cases.csv; results/aggregate.csv,main.tex Table 1; supplement family table,measured; timing sensitive,Clean reproduction retained separately rather than replacing primary timing,"No confidence interval, population or production-planner speed claim"
C12,Exact reuse is slightly slower on relays and support-only can be faster despite more writes,Unfiltered family-specific primary results,summarize.py,reproduce.py,results/aggregate.csv; results/reproduction/aggregate.csv,main.tex final paragraph; supplement family table,negative performance evidence,Primary relay ratio 1.029; retained full-project reproduction 1.082; retained standalone reproduction 1.019,No universal benefit or outcome-filtered case selection
C13,"Independent checks pass: 40095 integer graph/cost pairs, 98415 one-table cases, 172800 onset cases, 1849 support-two transitions, 6006 induction inequalities, 1440 updates, 384 admissibility cases, nine tight witnesses, and a separate exact-rational campaign",Exhaustive small scope plus explicitly seeded constructions,src/oracle.py synchronous Bellman-Ford; tests/check_all.py; tests/check_support_envelope.py; tests/check_amplification.py; tests/check_rational_model.py independent Fraction arithmetic,reproduce.py,results/checks.json; results/support_envelope.json; results/amplification.json; results/rational_checks.json; clean reproduction directory,main.tex evidence; supplement check protocol,checked; separate algorithm,"All retained deterministic report fields, including rational checks, reproduced in clean extraction",Shared generated inputs; not an independent reviewer or mechanized unbounded proof
C14,The source package reproduces without dependencies or external inputs,Existing Python; assertions enabled; one sequential child; fresh output root,README.md; reproduce.py,python reproduce.py --out NEW_DIRECTORY,results/reproduction/commands.json; results/reproduction/reproduction.json; results/standalone-reproduction/commands.json; results/standalone-reproduction/reproduction.json,supplement artifact boundary,executed from clean extraction,Retained full-project and standalone clean-copy reproductions include rational checks and match all 900 deterministic searches; final archive extraction is repeated before delivery,Python 3.13.5 tested; slower-host timeouts remain failures
C15,"The main paper uses the supplied visible-author AAAI style, exactly two pages and 10 selected references; the separate supplement cites 65 works",Supplied aaai2027.sty and .bst hash-matched; installed TeX; no forbidden spacing or margin overrides,../paper/build.py; ../paper/main.tex; ../paper/supplement.tex; tests/check_bibliography.py,python build.py,../paper/main.pdf; ../paper/supplement.pdf; results/paper_build.json; results/bibliography_validation.json; results/document_validation.json,entire paper,compiled and visually inspected,"Build enforces page/reference counts, exact publisher-style hashes, 20 MiB supplement limit, embedded Type 1 fonts, no Type 3 fonts, clean auxiliaries and no overfull boxes",Not a declaration of current track eligibility or submission readiness
C16,"A bounded 65-source audit distinguishes fixed-order external-cost changes from abstraction construction, order selection, partition optimization, LP sensitivity and within-graph shortest-path repair","Reading depth, direct verification source, stable identifier, source tier, metadata status, version note and access date are explicit; audit is bounded rather than exhaustive",proofs/literature.tex; literature_matrix.csv; external_resources.csv; ../research-plan.md,tests/check_bibliography.py,results/bibliography_validation.json; literature_matrix.csv; external_resources.csv,main.tex selected comparisons; supplement literature audit and collision table,bounded scholarly comparison; not proof of global priority,"65 unique records, all cited in context; 15 substantive and 50 bibliographic/passage checks; 62 verified and 3 version-cross-checked; no generic/indirect verification URLs",Search is not exhaustive; bibliographic validation cannot certify novelty
C17,"For one two-state minimum-subtraction table, the outgoing residual map is 2-Lipschitz in infinity norm",Nonempty advancing-label set; finite nonnegative incoming vectors,proofs/results.tex: Lemma 3; minimum is 1-Lipschitz and output subtracts it once,tests/check_all.py,results/checks.json,supplement Amplification with Bounded Incidence,proved and exhaustively checked on finite four-label vectors,"98,415 vector-pair/advancing-set cases pass",Per-stage upper bound only; the tight global result additionally assumes support at most two
C18,"The curated bibliography has 65 unique real scholarly records, all cited in the supplement, while the exact two-page main paper uses 10 selected records","Canonical BibTeX, matrix and scholarly resource ledger are aligned; direct source and stable identifier are required, with explicit version-cross-check status where records differ",tests/check_bibliography.py structural validation,tests/check_bibliography.py,results/bibliography_validation.json,supplement Bounded Literature Audit; main references,structurally validated,"No duplicate keys, titles or stable identifiers; no wildcard padding or generic homepages; BibTeX copies byte-identical",Does not establish exhaustive priority or replace scholarly reading
C19,"A unit decrease cannot create residual magnitude above one after the first two two-state minimum-subtraction tables, and three tables attain magnitude two",Finite nonnegative residuals; one coordinate decreases by exactly one; nonempty advancing sets,proofs/results.tex: Lemma 4 interval-width proof; Theorem 7 at k=0 gives the matching witness,tests/check_all.py; tests/check_amplification.py,results/checks.json; results/amplification.json,main.tex paragraph before central theorem; supplement Lemma 4,proved with finite exhaustive check,"172,800 four-label two-table cases and k=0 witness pass",Onset statement is for an initial unit coordinate decrease and two-state minimum-subtraction tables
C20,"Among all two-state minimum-subtraction cascades whose residual-difference support stays at most two, a unit decrease has infinity norm at most F_(k+2) after 2k+1 tables; the bound is attained at every odd depth",Finite nonnegative residuals; one coordinate decreases by one; nonempty advancing sets; support at most two after each table,proofs/results.tex: Lemma 5 transition inequalities and Theorem 6 parity induction; Theorem 7 matching construction,tests/check_support_envelope.py; tests/check_amplification.py,results/support_envelope.json; results/amplification.json,main.tex tight theorem/upper-bound sketch; supplement Theorems 6 and 7,proved; finite over-approximation and construction checks,"1,849 transition checks, 6,006 induction checks, odd maxima through 17 tables, and witnesses through k=64 pass",No upper bound is claimed when support may exceed two or for larger-than-two-state abstractions
C21,"The real-valued onset, support-two transition, and exact-reuse statements do not rely on integer-only arithmetic in the executable evidence",Finite exact Fraction grids and all 495 goal-reachable three-state two-label graph topologies; finite checks supplement rather than replace symbolic proofs,"proofs/results.tex symbolic real-valued arguments; tests/check_rational_model.py independently reimplements minimum maps, Bellman-Ford, saturation, and tight-goal reachability with fractions.Fraction",tests/check_rational_model.py; reproduce.py,results/rational_checks.json; clean reproduction rational_checks.json,main.tex Bounded Evidence; supplement Reproducible Checks and Timing Protocol,proved symbolically; exact-rational finite regression check,"337500 two-stage cases, 1849 fractional transition checks and 40095 reuse pairs pass; 13689 feasible-but-inexact negatives retained",Finite rational grids are not a proof over all reals and do not execute the integer-only production API
