id,name,url,license,access_date,resource_type,acquisition,integration,supported_claim,internal_modification
L01,On a Routing Problem (1958),https://doi.org/10.1090/qam/102435,"Copyright retained by publisher/authors; no external full text, code, data, or figures redistributed",2026-09-16,scholarly publication or official author copy,publisher_or_doi; verified; reading depth in literature_matrix.csv,"Citation, literature matrix, and original comparison only","Defines shortest paths, admissible heuristic search, or planning-heuristic context used by the model.",none; metadata version notes are preserved in literature_matrix.csv
L02,A Note on Two Problems in Connexion with Graphs (1959),https://doi.org/10.1007/BF01386390,"Copyright retained by publisher/authors; no external full text, code, data, or figures redistributed",2026-09-16,scholarly publication or official author copy,publisher_or_doi; verified; reading depth in literature_matrix.csv,"Citation, literature matrix, and original comparison only","Defines shortest paths, admissible heuristic search, or planning-heuristic context used by the model.",none; metadata version notes are preserved in literature_matrix.csv
L03,A Formal Basis for the Heuristic Determination of Minimum Cost Paths (1968),https://doi.org/10.1109/TSSC.1968.300136,"Copyright retained by publisher/authors; no external full text, code, data, or figures redistributed",2026-09-16,scholarly publication or official author copy,publisher_or_doi; verified; reading depth in literature_matrix.csv,"Citation, literature matrix, and original comparison only","Defines shortest paths, admissible heuristic search, or planning-heuristic context used by the model.",none; metadata version notes are preserved in literature_matrix.csv
L04,Planning as Heuristic Search (2001),https://doi.org/10.1016/S0004-3702(01)00108-4,"Copyright retained by publisher/authors; no external full text, code, data, or figures redistributed",2026-09-16,scholarly publication or official author copy,publisher_or_doi; verified; reading depth in literature_matrix.csv,"Citation, literature matrix, and original comparison only","Defines shortest paths, admissible heuristic search, or planning-heuristic context used by the model.",none; metadata version notes are preserved in literature_matrix.csv
L05,Heuristics: Intelligent Search Strategies for Computer Problem Solving (1984),https://dl.acm.org/doi/book/10.5555/52153,"Copyright retained by publisher/authors; no external full text, code, data, or figures redistributed",2026-09-16,scholarly publication or official author copy,publisher_or_doi; verified; reading depth in literature_matrix.csv,"Citation, literature matrix, and original comparison only","Defines shortest paths, admissible heuristic search, or planning-heuristic context used by the model.",none; metadata version notes are preserved in literature_matrix.csv
L06,The Fast Downward Planning System (2006),https://jair.org/index.php/jair/article/view/10457,"Copyright retained by publisher/authors; no external full text, code, data, or figures redistributed",2026-09-16,scholarly publication or official author copy,official_proceedings_or_journal; verified; reading depth in literature_matrix.csv,"Citation, literature matrix, and original comparison only","Defines shortest paths, admissible heuristic search, or planning-heuristic context used by the model.",none; metadata version notes are preserved in literature_matrix.csv
L07,An Admissible Heuristic for SAS+ Planning Obtained from the State Equation (2013),https://www.ijcai.org/Proceedings/13/Papers/334.pdf,"Copyright retained by publisher/authors; no external full text, code, data, or figures redistributed",2026-09-16,scholarly publication or official author copy,official_proceedings_or_journal; verified; reading depth in literature_matrix.csv,"Citation, literature matrix, and original comparison only","Defines shortest paths, admissible heuristic search, or planning-heuristic context used by the model.",none; metadata version notes are preserved in literature_matrix.csv
L08,Cost-Optimal Planning with Landmarks (2009),https://www.ijcai.org/Proceedings/09/Papers/284.pdf,"Copyright retained by publisher/authors; no external full text, code, data, or figures redistributed",2026-09-16,scholarly publication or official author copy,official_proceedings_or_journal; verified; reading depth in literature_matrix.csv,"Citation, literature matrix, and original comparison only","Defines shortest paths, admissible heuristic search, or planning-heuristic context used by the model.",none; metadata version notes are preserved in literature_matrix.csv
L09,"Landmarks, Critical Paths and Abstractions: What's the Difference Anyway? (2009)",https://www.cs.huji.ac.il/~cdomshlak/ICAPS09-hca.pdf,"Copyright retained by publisher/authors; no external full text, code, data, or figures redistributed",2026-09-16,scholarly publication or official author copy,author_or_institutional_copy; verified; reading depth in literature_matrix.csv,"Citation, literature matrix, and original comparison only","Defines shortest paths, admissible heuristic search, or planning-heuristic context used by the model.",none; metadata version notes are preserved in literature_matrix.csv
L10,New Optimization Functions for Potential Heuristics (2015),https://ojs.aaai.org/index.php/ICAPS/article/view/13714,"Copyright retained by publisher/authors; no external full text, code, data, or figures redistributed",2026-09-16,scholarly publication or official author copy,official_proceedings_or_journal; verified; reading depth in literature_matrix.csv,"Citation, literature matrix, and original comparison only","Defines shortest paths, admissible heuristic search, or planning-heuristic context used by the model.",none; metadata version notes are preserved in literature_matrix.csv
L11,Pattern Databases (1998),https://doi.org/10.1111/0824-7935.00065,"Copyright retained by publisher/authors; no external full text, code, data, or figures redistributed",2026-09-16,scholarly publication or official author copy,publisher_or_doi; verified; reading depth in literature_matrix.csv,"Citation, literature matrix, and original comparison only",Develops pattern databases or abstraction construction/composition; it does not analyze external cost perturbations through one frozen SCP order.,none; metadata version notes are preserved in literature_matrix.csv
L12,Finding Optimal Solutions to Rubik's Cube Using Pattern Databases (1997),https://www.aaai.org/Papers/AAAI/1997/AAAI97-109.pdf,"Copyright retained by publisher/authors; no external full text, code, data, or figures redistributed",2026-09-16,scholarly publication or official author copy,official_proceedings_or_journal; verified; reading depth in literature_matrix.csv,"Citation, literature matrix, and original comparison only",Develops pattern databases or abstraction construction/composition; it does not analyze external cost perturbations through one frozen SCP order.,none; metadata version notes are preserved in literature_matrix.csv
L13,Planning with Pattern Databases (2001),https://aaai.org/papers/7280-ecp-01-2001/,"Copyright retained by publisher/authors; no external full text, code, data, or figures redistributed",2026-09-16,scholarly publication or official author copy,official_proceedings_or_journal; version_cross_checked; reading depth in literature_matrix.csv,"Citation, literature matrix, and original comparison only",Develops pattern databases or abstraction construction/composition; it does not analyze external cost perturbations through one frozen SCP order.,none; metadata version notes are preserved in literature_matrix.csv
L14,Automated Creation of Pattern Database Search Heuristics (2006),https://link.springer.com/chapter/10.1007/978-3-540-74128-2_3,"Copyright retained by publisher/authors; no external full text, code, data, or figures redistributed",2026-09-16,scholarly publication or official author copy,publisher_or_doi; version_cross_checked; reading depth in literature_matrix.csv,"Citation, literature matrix, and original comparison only",Develops pattern databases or abstraction construction/composition; it does not analyze external cost perturbations through one frozen SCP order.,none; metadata version notes are preserved in literature_matrix.csv
L15,Domain-Independent Construction of Pattern Database Heuristics for Cost-Optimal Planning (2007),https://www.aaai.org/Papers/AAAI/2007/AAAI07-160.pdf,"Copyright retained by publisher/authors; no external full text, code, data, or figures redistributed",2026-09-16,scholarly publication or official author copy,official_proceedings_or_journal; verified; reading depth in literature_matrix.csv,"Citation, literature matrix, and original comparison only",Develops pattern databases or abstraction construction/composition; it does not analyze external cost perturbations through one frozen SCP order.,none; metadata version notes are preserved in literature_matrix.csv
L16,Additive Pattern Database Heuristics (2004),https://jair.org/index.php/jair/article/view/10393,"Copyright retained by publisher/authors; no external full text, code, data, or figures redistributed",2026-09-16,scholarly publication or official author copy,official_proceedings_or_journal; verified; reading depth in literature_matrix.csv,"Citation, literature matrix, and original comparison only",Develops pattern databases or abstraction construction/composition; it does not analyze external cost perturbations through one frozen SCP order.,none; metadata version notes are preserved in literature_matrix.csv
L17,Maximizing over Multiple Pattern Databases Speeds up Heuristic Search (2006),https://doi.org/10.1016/j.artint.2006.09.004,"Copyright retained by publisher/authors; no external full text, code, data, or figures redistributed",2026-09-16,scholarly publication or official author copy,publisher_or_doi; verified; reading depth in literature_matrix.csv,"Citation, literature matrix, and original comparison only",Develops pattern databases or abstraction construction/composition; it does not analyze external cost perturbations through one frozen SCP order.,none; metadata version notes are preserved in literature_matrix.csv
L18,A General Theory of Additive State Space Abstractions (2008),https://jair.org/index.php/jair/article/view/10586,"Copyright retained by publisher/authors; no external full text, code, data, or figures redistributed",2026-09-16,scholarly publication or official author copy,official_proceedings_or_journal; verified; reading depth in literature_matrix.csv,"Citation, literature matrix, and original comparison only",Develops pattern databases or abstraction construction/composition; it does not analyze external cost perturbations through one frozen SCP order.,none; metadata version notes are preserved in literature_matrix.csv
L19,Optimal Additive Composition of Abstraction-Based Admissible Heuristics (2008),https://aaai.org/papers/icaps-08-022-optimal-additive-composition-of-abstraction-based-admissible-heuristics/,"Copyright retained by publisher/authors; no external full text, code, data, or figures redistributed",2026-09-16,scholarly publication or official author copy,official_proceedings_or_journal; verified; reading depth in literature_matrix.csv,"Citation, literature matrix, and original comparison only",Develops pattern databases or abstraction construction/composition; it does not analyze external cost perturbations through one frozen SCP order.,none; metadata version notes are preserved in literature_matrix.csv
L20,Optimal Admissible Composition of Abstraction Heuristics (2010),https://doi.org/10.1016/j.artint.2010.05.007,"Copyright retained by publisher/authors; no external full text, code, data, or figures redistributed",2026-09-16,scholarly publication or official author copy,publisher_or_doi; verified; reading depth in literature_matrix.csv,"Citation, literature matrix, and original comparison only",Develops pattern databases or abstraction construction/composition; it does not analyze external cost perturbations through one frozen SCP order.,none; metadata version notes are preserved in literature_matrix.csv
L21,Getting the Most out of Pattern Databases for Classical Planning (2013),https://www.ijcai.org/Proceedings/13/Papers/347.pdf,"Copyright retained by publisher/authors; no external full text, code, data, or figures redistributed",2026-09-16,scholarly publication or official author copy,official_proceedings_or_journal; verified; reading depth in literature_matrix.csv,"Citation, literature matrix, and original comparison only",Develops pattern databases or abstraction construction/composition; it does not analyze external cost perturbations through one frozen SCP order.,none; metadata version notes are preserved in literature_matrix.csv
L22,Counterexample-Guided Cartesian Abstraction Refinement (2013),https://ojs.aaai.org/index.php/ICAPS/article/view/13605,"Copyright retained by publisher/authors; no external full text, code, data, or figures redistributed",2026-09-16,scholarly publication or official author copy,official_proceedings_or_journal; verified; reading depth in literature_matrix.csv,"Citation, literature matrix, and original comparison only",Develops pattern databases or abstraction construction/composition; it does not analyze external cost perturbations through one frozen SCP order.,none; metadata version notes are preserved in literature_matrix.csv
L23,Diverse and Additive Cartesian Abstraction Heuristics (2014),https://ojs.aaai.org/index.php/ICAPS/article/view/13639,"Copyright retained by publisher/authors; no external full text, code, data, or figures redistributed",2026-09-16,scholarly publication or official author copy,official_proceedings_or_journal; verified; reading depth in literature_matrix.csv,"Citation, literature matrix, and original comparison only",Develops pattern databases or abstraction construction/composition; it does not analyze external cost perturbations through one frozen SCP order.,none; metadata version notes are preserved in literature_matrix.csv
L24,Counterexample-Guided Cartesian Abstraction Refinement for Classical Planning (2018),https://www.jair.org/index.php/jair/article/view/11217,"Copyright retained by publisher/authors; no external full text, code, data, or figures redistributed",2026-09-16,scholarly publication or official author copy,official_proceedings_or_journal; verified; reading depth in literature_matrix.csv,"Citation, literature matrix, and original comparison only",Develops pattern databases or abstraction construction/composition; it does not analyze external cost perturbations through one frozen SCP order.,none; metadata version notes are preserved in literature_matrix.csv
L25,Generalized Label Reduction for Merge-and-Shrink Heuristics (2014),https://ojs.aaai.org/index.php/AAAI/article/view/9028,"Copyright retained by publisher/authors; no external full text, code, data, or figures redistributed",2026-09-16,scholarly publication or official author copy,official_proceedings_or_journal; verified; reading depth in literature_matrix.csv,"Citation, literature matrix, and original comparison only",Develops pattern databases or abstraction construction/composition; it does not analyze external cost perturbations through one frozen SCP order.,none; metadata version notes are preserved in literature_matrix.csv
L26,An Analysis of Merge Strategies for Merge-and-Shrink Heuristics (2016),https://ojs.aaai.org/index.php/ICAPS/article/view/13763,"Copyright retained by publisher/authors; no external full text, code, data, or figures redistributed",2026-09-16,scholarly publication or official author copy,official_proceedings_or_journal; verified; reading depth in literature_matrix.csv,"Citation, literature matrix, and original comparison only",Develops pattern databases or abstraction construction/composition; it does not analyze external cost perturbations through one frozen SCP order.,none; metadata version notes are preserved in literature_matrix.csv
L27,Merge-and-Shrink Abstraction: A Method for Generating Lower Bounds in Factored State Spaces (2014),https://doi.org/10.1145/2559951,"Copyright retained by publisher/authors; no external full text, code, data, or figures redistributed",2026-09-16,scholarly publication or official author copy,publisher_or_doi; verified; reading depth in literature_matrix.csv,"Citation, literature matrix, and original comparison only",Develops pattern databases or abstraction construction/composition; it does not analyze external cost perturbations through one frozen SCP order.,none; metadata version notes are preserved in literature_matrix.csv
L28,New Refinement Strategies for Cartesian Abstractions (2022),https://ojs.aaai.org/index.php/ICAPS/article/view/19819,"Copyright retained by publisher/authors; no external full text, code, data, or figures redistributed",2026-09-16,scholarly publication or official author copy,official_proceedings_or_journal; verified; reading depth in literature_matrix.csv,"Citation, literature matrix, and original comparison only",Develops pattern databases or abstraction construction/composition; it does not analyze external cost perturbations through one frozen SCP order.,none; metadata version notes are preserved in literature_matrix.csv
L29,Abstraction Heuristics for Factored Tasks (2024),https://ojs.aaai.org/index.php/ICAPS/article/view/31459,"Copyright retained by publisher/authors; no external full text, code, data, or figures redistributed",2026-09-16,scholarly publication or official author copy,official_proceedings_or_journal; verified; reading depth in literature_matrix.csv,"Citation, literature matrix, and original comparison only",Develops pattern databases or abstraction construction/composition; it does not analyze external cost perturbations through one frozen SCP order.,none; metadata version notes are preserved in literature_matrix.csv
L30,Efficiently Computing Transitions in Cartesian Abstractions (2024),https://ojs.aaai.org/index.php/ICAPS/article/view/31511,"Copyright retained by publisher/authors; no external full text, code, data, or figures redistributed",2026-09-16,scholarly publication or official author copy,official_proceedings_or_journal; verified; reading depth in literature_matrix.csv,"Citation, literature matrix, and original comparison only",Develops pattern databases or abstraction construction/composition; it does not analyze external cost perturbations through one frozen SCP order.,none; metadata version notes are preserved in literature_matrix.csv
L31,Abstraction Heuristics for Classical Planning Tasks with Conditional Effects (2025),https://www.ijcai.org/proceedings/2025/957,"Copyright retained by publisher/authors; no external full text, code, data, or figures redistributed",2026-09-16,scholarly publication or official author copy,official_proceedings_or_journal; verified; reading depth in literature_matrix.csv,"Citation, literature matrix, and original comparison only",Develops pattern databases or abstraction construction/composition; it does not analyze external cost perturbations through one frozen SCP order.,none; metadata version notes are preserved in literature_matrix.csv
L32,Merging Cartesian Abstractions for Classical Planning (2025),https://doi.org/10.3233/FAIA251384,"Copyright retained by publisher/authors; no external full text, code, data, or figures redistributed",2026-09-16,scholarly publication or official author copy,publisher_or_doi; version_cross_checked; reading depth in literature_matrix.csv,"Citation, literature matrix, and original comparison only",Develops pattern databases or abstraction construction/composition; it does not analyze external cost perturbations through one frozen SCP order.,none; metadata version notes are preserved in literature_matrix.csv
L33,Dissecting Scorpion: Ablation Study of an Optimal Classical Planner (2024),https://doi.org/10.3233/FAIA240465,"Copyright retained by publisher/authors; no external full text, code, data, or figures redistributed",2026-09-16,scholarly publication or official author copy,publisher_or_doi; verified; reading depth in literature_matrix.csv,"Citation, literature matrix, and original comparison only",Develops pattern databases or abstraction construction/composition; it does not analyze external cost perturbations through one frozen SCP order.,none; metadata version notes are preserved in literature_matrix.csv
L34,Counterexample-Guided Cartesian Abstraction Refinement and Saturated Cost Partitioning for Optimal Classical Planning (2018),https://ai.dmi.unibas.ch/people/seipp/,"Copyright retained by publisher/authors; no external full text, code, data, or figures redistributed",2026-09-16,scholarly publication or official author copy,institutional_bibliography; verified; reading depth in literature_matrix.csv,"Citation, literature matrix, and original comparison only",Develops pattern databases or abstraction construction/composition; it does not analyze external cost perturbations through one frozen SCP order.,none; metadata version notes are preserved in literature_matrix.csv
L35,From Non-Negative to General Operator Cost Partitioning (2015),https://mrlab.ai/papers/pommerening-et-al-aaai2015.pdf,"Copyright retained by publisher/authors; no external full text, code, data, or figures redistributed",2026-09-16,scholarly publication or official author copy,author_or_institutional_copy; verified; reading depth in literature_matrix.csv,"Citation, literature matrix, and original comparison only",Shows that general signed operator cost partitioning is broader than the nonnegative model used here.,none; metadata version notes are preserved in literature_matrix.csv
L36,LP-Based Heuristics for Cost-Optimal Planning (2014),https://ojs.aaai.org/index.php/ICAPS/article/view/13621,"Copyright retained by publisher/authors; no external full text, code, data, or figures redistributed",2026-09-16,scholarly publication or official author copy,official_proceedings_or_journal; verified; reading depth in literature_matrix.csv,"Citation, literature matrix, and original comparison only","Develops allocation, ordering, optimization, or representation for cost partitioning; the present question freezes abstractions/order and changes action costs between searches.",none; metadata version notes are preserved in literature_matrix.csv
L37,Lagrangian Decomposition for Optimal Cost Partitioning (2019),https://ojs.aaai.org/index.php/ICAPS/article/view/3496,"Copyright retained by publisher/authors; no external full text, code, data, or figures redistributed",2026-09-16,scholarly publication or official author copy,official_proceedings_or_journal; verified; reading depth in literature_matrix.csv,"Citation, literature matrix, and original comparison only","Develops allocation, ordering, optimization, or representation for cost partitioning; the present question freezes abstractions/order and changes action costs between searches.",none; metadata version notes are preserved in literature_matrix.csv
L38,State-Dependent Cost Partitionings for Cartesian Abstractions in Classical Planning (2016),https://www.ijcai.org/Proceedings/16/Papers/448.pdf,"Copyright retained by publisher/authors; no external full text, code, data, or figures redistributed",2026-09-16,scholarly publication or official author copy,official_proceedings_or_journal; verified; reading depth in literature_matrix.csv,"Citation, literature matrix, and original comparison only",Makes partitioning depend on the evaluated state; the present update occurs between searches with globally fixed tables.,none; metadata version notes are preserved in literature_matrix.csv
L39,A Comparison of Cost Partitioning Algorithms for Optimal Classical Planning (2017),https://ojs.aaai.org/index.php/ICAPS/article/view/13823,"Copyright retained by publisher/authors; no external full text, code, data, or figures redistributed",2026-09-16,scholarly publication or official author copy,official_proceedings_or_journal; verified; reading depth in literature_matrix.csv,"Citation, literature matrix, and original comparison only",Provides the comparative SCP/OCP landscape and established saturation machinery.,none; metadata version notes are preserved in literature_matrix.csv
L40,Better Orders for Saturated Cost Partitioning in Optimal Classical Planning (2017),https://mrlab.ai/papers/seipp-socs2017.pdf,"Copyright retained by publisher/authors; no external full text, code, data, or figures redistributed",2026-09-16,scholarly publication or official author copy,author_or_institutional_copy; verified; reading depth in literature_matrix.csv,"Citation, literature matrix, and original comparison only",Shows that order choice matters; order optimization is intentionally frozen out of the present perturbation question.,none; metadata version notes are preserved in literature_matrix.csv
L41,Narrowing the Gap Between Saturated and Optimal Cost Partitioning for Classical Planning (2017),https://ojs.aaai.org/index.php/AAAI/article/view/11022,"Copyright retained by publisher/authors; no external full text, code, data, or figures redistributed",2026-09-16,scholarly publication or official author copy,official_proceedings_or_journal; verified; reading depth in literature_matrix.csv,"Citation, literature matrix, and original comparison only","Develops allocation, ordering, optimization, or representation for cost partitioning; the present question freezes abstractions/order and changes action costs between searches.",none; metadata version notes are preserved in literature_matrix.csv
L42,Pattern Selection for Optimal Classical Planning with Saturated Cost Partitioning (2019),https://www.ijcai.org/proceedings/2019/780,"Copyright retained by publisher/authors; no external full text, code, data, or figures redistributed",2026-09-16,scholarly publication or official author copy,official_proceedings_or_journal; verified; reading depth in literature_matrix.csv,"Citation, literature matrix, and original comparison only",Selects patterns jointly with SCP; this work freezes the pattern collection.,none; metadata version notes are preserved in literature_matrix.csv
L43,Subset-Saturated Cost Partitioning for Optimal Classical Planning (2019),https://ojs.aaai.org/index.php/ICAPS/article/view/3503,"Copyright retained by publisher/authors; no external full text, code, data, or figures redistributed",2026-09-16,scholarly publication or official author copy,official_proceedings_or_journal; verified; reading depth in literature_matrix.csv,"Citation, literature matrix, and original comparison only",Changes how SCP chooses subsets for saturation; useful alternative formulation but not an update-propagation theorem.,none; metadata version notes are preserved in literature_matrix.csv
L44,Saturated Cost Partitioning for Optimal Classical Planning (2020),https://www.jair.org/index.php/jair/article/view/11673,"Copyright retained by publisher/authors; no external full text, code, data, or figures redistributed",2026-09-16,scholarly publication or official author copy,official_proceedings_or_journal; verified; reading depth in literature_matrix.csv,"Citation, literature matrix, and original comparison only","Primary definition and correctness basis for saturated cost partitioning; the present recurrence is inherited, not renamed.",none; metadata version notes are preserved in literature_matrix.csv
L45,Online Saturated Cost Partitioning for Classical Planning (2021),https://mrlab.ai/papers/seipp-icaps2021.pdf,"Copyright retained by publisher/authors; no external full text, code, data, or figures redistributed",2026-09-16,scholarly publication or official author copy,author_or_institutional_copy; verified; reading depth in literature_matrix.csv,"Citation, literature matrix, and original comparison only","Changes how stored orders are used during search, whereas this work fixes one order and changes external action costs between searches.",none; metadata version notes are preserved in literature_matrix.csv
L46,Subset-Saturated Transition Cost Partitioning (2021),https://mrlab.ai/papers/drexler-et-al-icaps2021.pdf,"Copyright retained by publisher/authors; no external full text, code, data, or figures redistributed",2026-09-16,scholarly publication or official author copy,author_or_institutional_copy; verified; reading depth in literature_matrix.csv,"Citation, literature matrix, and original comparison only",Allocates costs at transition granularity; it is a stronger representation choice but does not establish the one-decrease cascade proved here.,none; metadata version notes are preserved in literature_matrix.csv
L47,Saturated Post-hoc Optimization for Classical Planning (2021),https://mrlab.ai/papers/seipp-et-al-aaai2021.pdf,"Copyright retained by publisher/authors; no external full text, code, data, or figures redistributed",2026-09-16,scholarly publication or official author copy,author_or_institutional_copy; verified; reading depth in literature_matrix.csv,"Citation, literature matrix, and original comparison only","Develops allocation, ordering, optimization, or representation for cost partitioning; the present question freezes abstractions/order and changes action costs between searches.",none; metadata version notes are preserved in literature_matrix.csv
L48,Dantzig--Wolfe Decomposition for Cost Partitioning (2021),https://mrlab.ai/papers/pommerening-et-al-icaps2021.pdf,"Copyright retained by publisher/authors; no external full text, code, data, or figures redistributed",2026-09-16,scholarly publication or official author copy,author_or_institutional_copy; verified; reading depth in literature_matrix.csv,"Citation, literature matrix, and original comparison only",Optimizes partitions by decomposition; this work instead studies exact replay/repair of a fixed ordered partition.,none; metadata version notes are preserved in literature_matrix.csv
L49,Sensitivity Analysis for Saturated Post-hoc Optimization in Classical Planning (2023),https://mrlab.ai/papers/hoeft-et-al-ecai2023.pdf,"Copyright retained by publisher/authors; no external full text, code, data, or figures redistributed",2026-09-16,scholarly publication or official author copy,author_or_institutional_copy; verified; reading depth in literature_matrix.csv,"Citation, literature matrix, and original comparison only",Closest sensitivity neighbor for saturated post-hoc optimization; the optimized LP object differs from table-value propagation through ordered SCP.,none; metadata version notes are preserved in literature_matrix.csv
L50,Cartesian Abstractions and Saturated Cost Partitioning in Probabilistic Planning (2023),https://doi.org/10.3233/FAIA230405,"Copyright retained by publisher/authors; no external full text, code, data, or figures redistributed",2026-09-16,scholarly publication or official author copy,publisher_or_doi; verified; reading depth in literature_matrix.csv,"Citation, literature matrix, and original comparison only",Extends Cartesian abstraction/SCP to probabilistic planning; the current proof is deterministic and finite-distance.,none; metadata version notes are preserved in literature_matrix.csv
L51,Versatile Cost Partitioning with Exact Sensitivity Analysis (2024),https://mrlab.ai/papers/hoeft-et-al-icaps2024.pdf,"Copyright retained by publisher/authors; no external full text, code, data, or figures redistributed",2026-09-16,scholarly publication or official author copy,author_or_institutional_copy; verified; reading depth in literature_matrix.csv,"Citation, literature matrix, and original comparison only",Closest exact sensitivity neighbor and explicit warning that reuse overhead can dominate; motivates measuring update-plus-search total time.,none; metadata version notes are preserved in literature_matrix.csv
L52,Representing Perfect Saturated Cost Partitioning Heuristics in Classical Planning (2025),https://mrlab.ai/papers/hoeft-et-al-kr2025.pdf,"Copyright retained by publisher/authors; no external full text, code, data, or figures redistributed",2026-09-16,scholarly publication or official author copy,author_or_institutional_copy; verified; reading depth in literature_matrix.csv,"Citation, literature matrix, and original comparison only",Represents the best SCP value over many orders; our theorem concerns the response of one fixed order.,none; metadata version notes are preserved in literature_matrix.csv
L53,Monotonic Variants of Saturated Cost Partitioning (2026),https://ojs.aaai.org/index.php/ICAPS/article/view/42856,"Copyright retained by publisher/authors; no external full text, code, data, or figures redistributed",2026-09-16,scholarly publication or official author copy,official_proceedings_or_journal; verified; reading depth in literature_matrix.csv,"Citation, literature matrix, and original comparison only","Studies monotonicity under adding/refining abstractions, not monotonicity under external action-cost changes.",none; metadata version notes are preserved in literature_matrix.csv
L54,Cost Partitioning for Multiple Sequence Alignment (2024),https://mrlab.ai/papers/skjelnes-et-al-ecai2024.pdf,"Copyright retained by publisher/authors; no external full text, code, data, or figures redistributed",2026-09-16,scholarly publication or official author copy,author_or_institutional_copy; verified; reading depth in literature_matrix.csv,"Citation, literature matrix, and original comparison only",Transfers cost partitioning beyond classical planning; useful evidence that shared-label allocation effects are not tied to one application.,none; metadata version notes are preserved in literature_matrix.csv
L55,Incremental Search for Counterexample-Guided Cartesian Abstraction Refinement (2020),https://mrlab.ai/papers/seipp-et-al-icaps2020.pdf,"Copyright retained by publisher/authors; no external full text, code, data, or figures redistributed",2026-09-16,scholarly publication or official author copy,author_or_institutional_copy; verified; reading depth in literature_matrix.csv,"Citation, literature matrix, and original comparison only","Establishes within-abstraction incremental shortest-path repair as a replaceable component, not a solution to inter-table residual coupling.",none; metadata version notes are preserved in literature_matrix.csv
L56,Lifelong Planning A* (2004),https://idm-lab.org/bib/abstracts/papers/aij04.pdf,"Copyright retained by publisher/authors; no external full text, code, data, or figures redistributed",2026-09-16,scholarly publication or official author copy,author_or_institutional_copy; verified; reading depth in literature_matrix.csv,"Citation, literature matrix, and original comparison only",Canonical heuristic incremental search baseline inside a changing graph.,none; metadata version notes are preserved in literature_matrix.csv
L57,D* Lite (2002),https://aaai.org/papers/00476-aaai02-072-d-lite/,"Copyright retained by publisher/authors; no external full text, code, data, or figures redistributed",2026-09-16,scholarly publication or official author copy,official_proceedings_or_journal; verified; reading depth in literature_matrix.csv,"Citation, literature matrix, and original comparison only","Maintains shortest paths after graph/weight changes or studies parametric paths; it is a within-graph neighbor, not the residual-coupled sequence of SCP abstractions.",none; metadata version notes are preserved in literature_matrix.csv
L58,An Incremental Algorithm for a Generalization of the Shortest-Path Problem (1996),https://ftp.cs.wisc.edu/pub/techreports/1992/TR1087.pdf,"Copyright retained by publisher/authors; no external full text, code, data, or figures redistributed",2026-09-16,scholarly publication or official author copy,institutional_bibliography; verified; reading depth in literature_matrix.csv,"Citation, literature matrix, and original comparison only",General incremental shortest-path maintenance; does not model saturation subtraction and downstream offers.,none; metadata version notes are preserved in literature_matrix.csv
L59,Fully Dynamic Algorithms for Maintaining Shortest Path Trees (2000),https://iris.uniroma1.it/handle/11573/784396,"Copyright retained by publisher/authors; no external full text, code, data, or figures redistributed",2026-09-16,scholarly publication or official author copy,institutional_bibliography; verified; reading depth in literature_matrix.csv,"Citation, literature matrix, and original comparison only","Maintains shortest paths after graph/weight changes or studies parametric paths; it is a within-graph neighbor, not the residual-coupled sequence of SCP abstractions.",none; metadata version notes are preserved in literature_matrix.csv
L60,A New Approach to Dynamic All Pairs Shortest Paths (2004),https://doi.org/10.1145/1039488.1039492,"Copyright retained by publisher/authors; no external full text, code, data, or figures redistributed",2026-09-16,scholarly publication or official author copy,publisher_or_doi; verified; reading depth in literature_matrix.csv,"Citation, literature matrix, and original comparison only","Maintains shortest paths after graph/weight changes or studies parametric paths; it is a within-graph neighbor, not the residual-coupled sequence of SCP abstractions.",none; metadata version notes are preserved in literature_matrix.csv
L61,Parametric Shortest Path Algorithms with an Application to Cyclic Staffing (1981),https://doi.org/10.1016/0166-218X(81)90026-0,"Copyright retained by publisher/authors; no external full text, code, data, or figures redistributed",2026-09-16,scholarly publication or official author copy,publisher_or_doi; verified; reading depth in literature_matrix.csv,"Citation, literature matrix, and original comparison only",Parametric shortest paths vary edge weights in one graph; repeated saturation creates a different compositional map.,none; metadata version notes are preserved in literature_matrix.csv
L62,Faster Parametric Shortest Path and Minimum-Balance Algorithms (1991),https://doi.org/10.1002/net.3230210206,"Copyright retained by publisher/authors; no external full text, code, data, or figures redistributed",2026-09-16,scholarly publication or official author copy,publisher_or_doi; verified; reading depth in literature_matrix.csv,"Citation, literature matrix, and original comparison only","Improves parametric shortest-path algorithms, again for one parametric graph rather than an ordered residual pipeline.",none; metadata version notes are preserved in literature_matrix.csv
L63,The Focussed D* Algorithm for Real-Time Replanning (1995),https://www.cs.cmu.edu/~motionplanning/papers/sbp_papers/integrated1/stentz_focussed_dstar.pdf,"Copyright retained by publisher/authors; no external full text, code, data, or figures redistributed",2026-09-16,scholarly publication or official author copy,author_or_institutional_copy; verified; reading depth in literature_matrix.csv,"Citation, literature matrix, and original comparison only","Maintains shortest paths after graph/weight changes or studies parametric paths; it is a within-graph neighbor, not the residual-coupled sequence of SCP abstractions.",none; metadata version notes are preserved in literature_matrix.csv
L64,Fast Replanning for Navigation in Unknown Terrain (2005),https://doi.org/10.1109/TRO.2004.838026,"Copyright retained by publisher/authors; no external full text, code, data, or figures redistributed",2026-09-16,scholarly publication or official author copy,publisher_or_doi; verified; reading depth in literature_matrix.csv,"Citation, literature matrix, and original comparison only","Maintains shortest paths after graph/weight changes or studies parametric paths; it is a within-graph neighbor, not the residual-coupled sequence of SCP abstractions.",none; metadata version notes are preserved in literature_matrix.csv
L65,Incremental Search Algorithms Considered Poorly Understood (2012),https://ojs.aaai.org/index.php/SOCS/article/view/18268,"Copyright retained by publisher/authors; no external full text, code, data, or figures redistributed",2026-09-16,scholarly publication or official author copy,official_proceedings_or_journal; verified; reading depth in literature_matrix.csv,"Citation, literature matrix, and original comparison only","Negative-result route: incremental search is not uniformly faster than recomputation, supporting an explicit break-even evaluation.",none; metadata version notes are preserved in literature_matrix.csv
O01,AAAI 2027 Student Abstract and Poster CFP,https://aaai.org/conference/aaai/aaai-27/student-abstract-and-poster-program-call-for-proposals/,Official webpage or supplied publisher asset; not relicensed,2026-09-16,official rule or template,live official CFP sections rechecked; retained as workflow evidence only,workflow/format only,"Official two-page, supplemental-size, visible-author/contact, eligibility, in-person, and timing constraints; no scientific claim.",none
O02,AAAI 2027 Author Kit,https://aaai.org/authorkit27/,Official webpage or supplied publisher asset; not relicensed,2026-09-16,official rule or template,relevant documented sections,workflow/format only,Official manuscript-format workflow; no scientific claim.,none
O03,Machine Reasoning Lab awards and author publication record,https://mrlab.ai/jendrik-seipp/,Official webpage or supplied publisher asset; not relicensed,2026-09-16,official rule or template,relevant documented sections,workflow/format only,Award/status calibration and primary author-hosted bibliography metadata.,none
T01,Supplied aaai2027.sty and aaai2027.bst,supplied://TEMPLATE.zip,Official webpage or supplied publisher asset; not relicensed,2026-09-16,official rule or template,relevant documented sections,workflow/format only,Publisher style assets used unchanged except normal document invocation.,none
