bibkey,year,category,title,role_in_review,specific_boundary,verification_url,read_depth,cited_in_main,cited_in_supplement,canonical_identifier,source_tier,metadata_status,verification_note,access_date
bellman1958,1958,search_foundations,On a Routing Problem,Establishes shortest paths or admissible heuristic search used as background; it does not study ordered cost-partition residuals.,"Defines shortest paths, admissible heuristic search, or planning-heuristic context used by the model.",https://doi.org/10.1090/qam/102435,bibliographic verification plus relevant cited context,no,yes,doi:10.1090/qam/102435,publisher_or_doi,verified,"Title, authorship, year, venue, and cited contextual passage were checked against this direct scholarly or institutional source.",2026-09-16
dijkstra1959,1959,search_foundations,A Note on Two Problems in Connexion with Graphs,Establishes shortest paths or admissible heuristic search used as background; it does not study ordered cost-partition residuals.,"Defines shortest paths, admissible heuristic search, or planning-heuristic context used by the model.",https://doi.org/10.1007/BF01386390,bibliographic verification plus relevant cited context,no,yes,doi:10.1007/BF01386390,publisher_or_doi,verified,"Title, authorship, year, venue, and cited contextual passage were checked against this direct scholarly or institutional source.",2026-09-16
hart1968,1968,search_foundations,A Formal Basis for the Heuristic Determination of Minimum Cost Paths,Establishes shortest paths or admissible heuristic search used as background; it does not study ordered cost-partition residuals.,"Defines shortest paths, admissible heuristic search, or planning-heuristic context used by the model.",https://doi.org/10.1109/TSSC.1968.300136,bibliographic verification plus relevant cited context,no,yes,doi:10.1109/TSSC.1968.300136,publisher_or_doi,verified,"Title, authorship, year, venue, and cited contextual passage were checked against this direct scholarly or institutional source.",2026-09-16
bonetgeffner2001,2001,search_foundations,Planning as Heuristic Search,Establishes shortest paths or admissible heuristic search used as background; it does not study ordered cost-partition residuals.,"Defines shortest paths, admissible heuristic search, or planning-heuristic context used by the model.",https://doi.org/10.1016/S0004-3702(01)00108-4,bibliographic verification plus relevant cited context,no,yes,doi:10.1016/S0004-3702(01)00108-4,publisher_or_doi,verified,"Title, authorship, year, venue, and cited contextual passage were checked against this direct scholarly or institutional source.",2026-09-16
pearl1984,1984,search_foundations,Heuristics: Intelligent Search Strategies for Computer Problem Solving,Establishes shortest paths or admissible heuristic search used as background; it does not study ordered cost-partition residuals.,"Defines shortest paths, admissible heuristic search, or planning-heuristic context used by the model.",https://dl.acm.org/doi/book/10.5555/52153,bibliographic verification plus relevant cited context,no,yes,url:https://dl.acm.org/doi/book/10.5555/52153,publisher_or_doi,verified,"Title, authorship, year, venue, and cited contextual passage were checked against this direct scholarly or institutional source.",2026-09-16
helmert2006,2006,planning_heuristics,The Fast Downward Planning System,Places admissible lower bounds in cost-optimal planning; it does not analyze external cost updates through a fixed SCP order.,"Defines shortest paths, admissible heuristic search, or planning-heuristic context used by the model.",https://jair.org/index.php/jair/article/view/10457,bibliographic verification plus relevant cited context,no,yes,url:https://jair.org/index.php/jair/article/view/10457,official_proceedings_or_journal,verified,"Title, authorship, year, venue, and cited contextual passage were checked against this direct scholarly or institutional source.",2026-09-16
bonet2013,2013,planning_heuristics,An Admissible Heuristic for SAS+ Planning Obtained from the State Equation,Places admissible lower bounds in cost-optimal planning; it does not analyze external cost updates through a fixed SCP order.,"Defines shortest paths, admissible heuristic search, or planning-heuristic context used by the model.",https://www.ijcai.org/Proceedings/13/Papers/334.pdf,bibliographic verification plus relevant cited context,no,yes,url:https://www.ijcai.org/Proceedings/13/Papers/334.pdf,official_proceedings_or_journal,verified,"Title, authorship, year, venue, and cited contextual passage were checked against this direct scholarly or institutional source.",2026-09-16
karpasdomshlak2009,2009,planning_heuristics,Cost-Optimal Planning with Landmarks,Places admissible lower bounds in cost-optimal planning; it does not analyze external cost updates through a fixed SCP order.,"Defines shortest paths, admissible heuristic search, or planning-heuristic context used by the model.",https://www.ijcai.org/Proceedings/09/Papers/284.pdf,bibliographic verification plus relevant cited context,no,yes,url:https://www.ijcai.org/Proceedings/09/Papers/284.pdf,official_proceedings_or_journal,verified,"Title, authorship, year, venue, and cited contextual passage were checked against this direct scholarly or institutional source.",2026-09-16
helmertdomshlak2009,2009,planning_heuristics,"Landmarks, Critical Paths and Abstractions: What's the Difference Anyway?",Places admissible lower bounds in cost-optimal planning; it does not analyze external cost updates through a fixed SCP order.,"Defines shortest paths, admissible heuristic search, or planning-heuristic context used by the model.",https://www.cs.huji.ac.il/~cdomshlak/ICAPS09-hca.pdf,bibliographic verification plus relevant cited context,no,yes,url:https://www.cs.huji.ac.il/~cdomshlak/ICAPS09-hca.pdf,author_or_institutional_copy,verified,"Title, authorship, year, venue, and cited contextual passage were checked against this direct scholarly or institutional source.",2026-09-16
seipppommerening2015,2015,planning_heuristics,New Optimization Functions for Potential Heuristics,Places admissible lower bounds in cost-optimal planning; it does not analyze external cost updates through a fixed SCP order.,"Defines shortest paths, admissible heuristic search, or planning-heuristic context used by the model.",https://ojs.aaai.org/index.php/ICAPS/article/view/13714,bibliographic verification plus relevant cited context,no,yes,doi:10.1609/icaps.v25i1.13714,official_proceedings_or_journal,verified,"Official ICAPS record gives authors, 2015 volume, and pp. 193--201.",2026-09-16
culberson1998,1998,abstraction,Pattern Databases,Develops pattern databases or abstraction construction/composition; it does not analyze external cost perturbations through one frozen SCP order.,Develops pattern databases or abstraction construction/composition; it does not analyze external cost perturbations through one frozen SCP order.,https://doi.org/10.1111/0824-7935.00065,bibliographic verification plus relevant cited context,no,yes,doi:10.1111/0824-7935.00065,publisher_or_doi,verified,"Title, authorship, year, venue, and cited contextual passage were checked against this direct scholarly or institutional source.",2026-09-16
korf1997,1997,abstraction,Finding Optimal Solutions to Rubik's Cube Using Pattern Databases,Develops pattern databases or abstraction construction/composition; it does not analyze external cost perturbations through one frozen SCP order.,Develops pattern databases or abstraction construction/composition; it does not analyze external cost perturbations through one frozen SCP order.,https://www.aaai.org/Papers/AAAI/1997/AAAI97-109.pdf,bibliographic verification plus relevant cited context,no,yes,url:https://www.aaai.org/Papers/AAAI/1997/AAAI97-109.pdf,official_proceedings_or_journal,verified,"Title, authorship, year, venue, and cited contextual passage were checked against this direct scholarly or institutional source.",2026-09-16
edelkamp2001,2001,abstraction,Planning with Pattern Databases,Develops pattern databases or abstraction construction/composition; it does not analyze external cost perturbations through one frozen SCP order.,Develops pattern databases or abstraction construction/composition; it does not analyze external cost perturbations through one frozen SCP order.,https://aaai.org/papers/7280-ecp-01-2001/,bibliographic verification plus relevant cited context,no,yes,aaai:7280-ecp-01-2001,official_proceedings_or_journal,version_cross_checked,AAAI Book One copy is pp. 84--90; ECP pre-proceedings and later bibliographies also circulate pp. 13--24. The project cites the AAAI proceedings copy.,2026-09-16
edelkamp2006,2007,abstraction,Automated Creation of Pattern Database Search Heuristics,Develops pattern databases or abstraction construction/composition; it does not analyze external cost perturbations through one frozen SCP order.,Develops pattern databases or abstraction construction/composition; it does not analyze external cost perturbations through one frozen SCP order.,https://link.springer.com/chapter/10.1007/978-3-540-74128-2_3,bibliographic verification plus relevant cited context,no,yes,doi:10.1007/978-3-540-74128-2_3,publisher_or_doi,version_cross_checked,"The workshop was MoChArt 2006; Springer formally published the LNAI 4428 chapter in 2007, pp. 35--50. The BibTeX year follows the formal chapter.",2026-09-16
haslum2007,2007,abstraction,Domain-Independent Construction of Pattern Database Heuristics for Cost-Optimal Planning,Develops pattern databases or abstraction construction/composition; it does not analyze external cost perturbations through one frozen SCP order.,Develops pattern databases or abstraction construction/composition; it does not analyze external cost perturbations through one frozen SCP order.,https://www.aaai.org/Papers/AAAI/2007/AAAI07-160.pdf,bibliographic verification plus relevant cited context,no,yes,url:https://www.aaai.org/Papers/AAAI/2007/AAAI07-160.pdf,official_proceedings_or_journal,verified,"Title, authorship, year, venue, and cited contextual passage were checked against this direct scholarly or institutional source.",2026-09-16
felner2004,2004,abstraction,Additive Pattern Database Heuristics,Develops pattern databases or abstraction construction/composition; it does not analyze external cost perturbations through one frozen SCP order.,Develops pattern databases or abstraction construction/composition; it does not analyze external cost perturbations through one frozen SCP order.,https://jair.org/index.php/jair/article/view/10393,bibliographic verification plus relevant cited context,no,yes,url:https://jair.org/index.php/jair/article/view/10393,official_proceedings_or_journal,verified,"Title, authorship, year, venue, and cited contextual passage were checked against this direct scholarly or institutional source.",2026-09-16
holte2006,2006,abstraction,Maximizing over Multiple Pattern Databases Speeds up Heuristic Search,Develops pattern databases or abstraction construction/composition; it does not analyze external cost perturbations through one frozen SCP order.,Develops pattern databases or abstraction construction/composition; it does not analyze external cost perturbations through one frozen SCP order.,https://doi.org/10.1016/j.artint.2006.09.004,bibliographic verification plus relevant cited context,no,yes,doi:10.1016/j.artint.2006.09.004,publisher_or_doi,verified,"Title, authorship, year, venue, and cited contextual passage were checked against this direct scholarly or institutional source.",2026-09-16
yang2008,2008,abstraction,A General Theory of Additive State Space Abstractions,Develops pattern databases or abstraction construction/composition; it does not analyze external cost perturbations through one frozen SCP order.,Develops pattern databases or abstraction construction/composition; it does not analyze external cost perturbations through one frozen SCP order.,https://jair.org/index.php/jair/article/view/10586,bibliographic verification plus relevant cited context,no,yes,url:https://jair.org/index.php/jair/article/view/10586,official_proceedings_or_journal,verified,"Title, authorship, year, venue, and cited contextual passage were checked against this direct scholarly or institutional source.",2026-09-16
katzdomshlak2008,2008,abstraction,Optimal Additive Composition of Abstraction-Based Admissible Heuristics,Develops pattern databases or abstraction construction/composition; it does not analyze external cost perturbations through one frozen SCP order.,Develops pattern databases or abstraction construction/composition; it does not analyze external cost perturbations through one frozen SCP order.,https://aaai.org/papers/icaps-08-022-optimal-additive-composition-of-abstraction-based-admissible-heuristics/,bibliographic verification plus relevant cited context,no,yes,aaai:icaps-08-022,official_proceedings_or_journal,verified,Official AAAI/ICAPS record and PDF.,2026-09-16
katzdomshlak2010,2010,abstraction,Optimal Admissible Composition of Abstraction Heuristics,Develops pattern databases or abstraction construction/composition; it does not analyze external cost perturbations through one frozen SCP order.,Develops pattern databases or abstraction construction/composition; it does not analyze external cost perturbations through one frozen SCP order.,https://doi.org/10.1016/j.artint.2010.05.007,bibliographic verification plus relevant cited context,no,yes,doi:10.1016/j.artint.2010.05.007,publisher_or_doi,verified,"Title, authorship, year, venue, and cited contextual passage were checked against this direct scholarly or institutional source.",2026-09-16
pommerening2013,2013,abstraction,Getting the Most out of Pattern Databases for Classical Planning,Develops pattern databases or abstraction construction/composition; it does not analyze external cost perturbations through one frozen SCP order.,Develops pattern databases or abstraction construction/composition; it does not analyze external cost perturbations through one frozen SCP order.,https://www.ijcai.org/Proceedings/13/Papers/347.pdf,bibliographic verification plus relevant cited context,no,yes,ijcai:2013/347,official_proceedings_or_journal,verified,"Official IJCAI proceedings PDF; title, authors, and pp. 2357--2364 checked.",2026-09-16
seipphelmert2013,2013,abstraction,Counterexample-Guided Cartesian Abstraction Refinement,Develops pattern databases or abstraction construction/composition; it does not analyze external cost perturbations through one frozen SCP order.,Develops pattern databases or abstraction construction/composition; it does not analyze external cost perturbations through one frozen SCP order.,https://ojs.aaai.org/index.php/ICAPS/article/view/13605,bibliographic verification plus relevant cited context,no,yes,doi:10.1609/icaps.v23i1.13605,official_proceedings_or_journal,verified,Official ICAPS article record.,2026-09-16
seipphelmert2014,2014,abstraction,Diverse and Additive Cartesian Abstraction Heuristics,Develops pattern databases or abstraction construction/composition; it does not analyze external cost perturbations through one frozen SCP order.,Develops pattern databases or abstraction construction/composition; it does not analyze external cost perturbations through one frozen SCP order.,https://ojs.aaai.org/index.php/ICAPS/article/view/13639,bibliographic verification plus relevant cited context,no,yes,doi:10.1609/icaps.v24i1.13639,official_proceedings_or_journal,verified,Official ICAPS article record.,2026-09-16
seipphelmert2018,2018,abstraction,Counterexample-Guided Cartesian Abstraction Refinement for Classical Planning,Develops pattern databases or abstraction construction/composition; it does not analyze external cost perturbations through one frozen SCP order.,Develops pattern databases or abstraction construction/composition; it does not analyze external cost perturbations through one frozen SCP order.,https://www.jair.org/index.php/jair/article/view/11217,bibliographic verification plus relevant cited context,no,yes,doi:10.1613/jair.1.11217,official_proceedings_or_journal,verified,Official JAIR article record.,2026-09-16
sievers2014,2014,abstraction,Generalized Label Reduction for Merge-and-Shrink Heuristics,Develops pattern databases or abstraction construction/composition; it does not analyze external cost perturbations through one frozen SCP order.,Develops pattern databases or abstraction construction/composition; it does not analyze external cost perturbations through one frozen SCP order.,https://ojs.aaai.org/index.php/AAAI/article/view/9028,bibliographic verification plus relevant cited context,no,yes,doi:10.1609/aaai.v28i1.9028,official_proceedings_or_journal,verified,Official AAAI article record.,2026-09-16
sievers2016,2016,abstraction,An Analysis of Merge Strategies for Merge-and-Shrink Heuristics,Develops pattern databases or abstraction construction/composition; it does not analyze external cost perturbations through one frozen SCP order.,Develops pattern databases or abstraction construction/composition; it does not analyze external cost perturbations through one frozen SCP order.,https://ojs.aaai.org/index.php/ICAPS/article/view/13763,bibliographic verification plus relevant cited context,no,yes,doi:10.1609/icaps.v26i1.13763,official_proceedings_or_journal,verified,Official ICAPS article record.,2026-09-16
helmert2014,2014,abstraction,Merge-and-Shrink Abstraction: A Method for Generating Lower Bounds in Factored State Spaces,Develops pattern databases or abstraction construction/composition; it does not analyze external cost perturbations through one frozen SCP order.,Develops pattern databases or abstraction construction/composition; it does not analyze external cost perturbations through one frozen SCP order.,https://doi.org/10.1145/2559951,bibliographic verification plus relevant cited context,no,yes,doi:10.1145/2559951,publisher_or_doi,verified,"Title, authorship, year, venue, and cited contextual passage were checked against this direct scholarly or institutional source.",2026-09-16
speckseipp2022,2022,abstraction,New Refinement Strategies for Cartesian Abstractions,Develops pattern databases or abstraction construction/composition; it does not analyze external cost perturbations through one frozen SCP order.,Develops pattern databases or abstraction construction/composition; it does not analyze external cost perturbations through one frozen SCP order.,https://ojs.aaai.org/index.php/ICAPS/article/view/19819,bibliographic verification plus relevant cited context,no,yes,doi:10.1609/icaps.v32i1.19819,official_proceedings_or_journal,verified,Official ICAPS article record.,2026-09-16
abstractionfactored2024,2024,abstraction,Abstraction Heuristics for Factored Tasks,Develops pattern databases or abstraction construction/composition; it does not analyze external cost perturbations through one frozen SCP order.,Develops pattern databases or abstraction construction/composition; it does not analyze external cost perturbations through one frozen SCP order.,https://ojs.aaai.org/index.php/ICAPS/article/view/31459,bibliographic verification plus relevant cited context,no,yes,doi:10.1609/icaps.v34i1.31459,official_proceedings_or_journal,verified,Official ICAPS article record.,2026-09-16
cartesiantransitions2024,2024,abstraction,Efficiently Computing Transitions in Cartesian Abstractions,Develops pattern databases or abstraction construction/composition; it does not analyze external cost perturbations through one frozen SCP order.,Develops pattern databases or abstraction construction/composition; it does not analyze external cost perturbations through one frozen SCP order.,https://ojs.aaai.org/index.php/ICAPS/article/view/31511,bibliographic verification plus relevant cited context,no,yes,doi:10.1609/icaps.v34i1.31511,official_proceedings_or_journal,verified,Official ICAPS article record.,2026-09-16
pozo2025,2025,abstraction,Abstraction Heuristics for Classical Planning Tasks with Conditional Effects,Develops pattern databases or abstraction construction/composition; it does not analyze external cost perturbations through one frozen SCP order.,Develops pattern databases or abstraction construction/composition; it does not analyze external cost perturbations through one frozen SCP order.,https://www.ijcai.org/proceedings/2025/957,bibliographic verification plus relevant cited context,no,yes,doi:10.24963/ijcai.2025/957,official_proceedings_or_journal,verified,Official IJCAI paper page gives pp. 8608--8616 and DOI.,2026-09-16
mergecartesian2025,2025,abstraction,Merging Cartesian Abstractions for Classical Planning,Develops pattern databases or abstraction construction/composition; it does not analyze external cost perturbations through one frozen SCP order.,Develops pattern databases or abstraction construction/composition; it does not analyze external cost perturbations through one frozen SCP order.,https://doi.org/10.3233/FAIA251384,bibliographic verification plus relevant cited context,no,yes,doi:10.3233/FAIA251384,publisher_or_doi,version_cross_checked,DOI and title/authors are stable. Publisher and repository exports differ by one terminal page in some metadata; the project retains pp. 4766--4773 from the proceedings/author record and documents the discrepancy.,2026-09-16
seipp2024dissecting,2024,abstraction,Dissecting Scorpion: Ablation Study of an Optimal Classical Planner,Develops pattern databases or abstraction construction/composition; it does not analyze external cost perturbations through one frozen SCP order.,Develops pattern databases or abstraction construction/composition; it does not analyze external cost perturbations through one frozen SCP order.,https://doi.org/10.3233/FAIA240465,bibliographic verification plus relevant cited context,no,yes,doi:10.3233/FAIA240465,publisher_or_doi,verified,Publisher DOI record; pp. 39--42.,2026-09-16
seipp2018thesis,2018,abstraction,Counterexample-Guided Cartesian Abstraction Refinement and Saturated Cost Partitioning for Optimal Classical Planning,Develops pattern databases or abstraction construction/composition; it does not analyze external cost perturbations through one frozen SCP order.,Develops pattern databases or abstraction construction/composition; it does not analyze external cost perturbations through one frozen SCP order.,https://ai.dmi.unibas.ch/people/seipp/,bibliographic verification plus relevant cited context,no,yes,thesis:unibas:seipp-2018,institutional_bibliography,verified,"University of Basel author page identifies the 2018 PhD thesis, disputation date, and linked PDF.",2026-09-16
fromnegative2015,2015,cost_partitioning,From Non-Negative to General Operator Cost Partitioning,Develops or analyzes cost partitioning/SCP; it is compared against the fixed-order external-cost propagation question.,Shows that general signed operator cost partitioning is broader than the nonnegative model used here.,https://mrlab.ai/papers/pommerening-et-al-aaai2015.pdf,substantive full-paper or theorem/algorithm pass,no,yes,url:https://mrlab.ai/papers/pommerening-et-al-aaai2015.pdf,author_or_institutional_copy,verified,"Title, authorship, year, venue, and cited contextual passage were checked against this direct scholarly or institutional source.",2026-09-16
lpbased2014,2014,cost_partitioning,LP-Based Heuristics for Cost-Optimal Planning,Develops or analyzes cost partitioning/SCP; it is compared against the fixed-order external-cost propagation question.,"Develops allocation, ordering, optimization, or representation for cost partitioning; the present question freezes abstractions/order and changes action costs between searches.",https://ojs.aaai.org/index.php/ICAPS/article/view/13621,bibliographic verification plus relevant cited context,no,yes,doi:10.1609/icaps.v24i1.13621,official_proceedings_or_journal,verified,Official ICAPS article record.,2026-09-16
lagrangian2019,2019,cost_partitioning,Lagrangian Decomposition for Optimal Cost Partitioning,Develops or analyzes cost partitioning/SCP; it is compared against the fixed-order external-cost propagation question.,"Develops allocation, ordering, optimization, or representation for cost partitioning; the present question freezes abstractions/order and changes action costs between searches.",https://ojs.aaai.org/index.php/ICAPS/article/view/3496,bibliographic verification plus relevant cited context,no,yes,doi:10.1609/icaps.v29i1.3496,official_proceedings_or_journal,verified,Official ICAPS article record.,2026-09-16
statedependent2016,2016,cost_partitioning,State-Dependent Cost Partitionings for Cartesian Abstractions in Classical Planning,Develops or analyzes cost partitioning/SCP; it is compared against the fixed-order external-cost propagation question.,Makes partitioning depend on the evaluated state; the present update occurs between searches with globally fixed tables.,https://www.ijcai.org/Proceedings/16/Papers/448.pdf,bibliographic verification plus relevant cited context,no,yes,ijcai:2016/448,official_proceedings_or_journal,verified,Official IJCAI proceedings PDF; pp. 3161--3169.,2026-09-16
comparison2017,2017,cost_partitioning,A Comparison of Cost Partitioning Algorithms for Optimal Classical Planning,Develops or analyzes cost partitioning/SCP; it is compared against the fixed-order external-cost propagation question.,Provides the comparative SCP/OCP landscape and established saturation machinery.,https://ojs.aaai.org/index.php/ICAPS/article/view/13823,substantive full-paper or theorem/algorithm pass,yes,yes,doi:10.1609/icaps.v27i1.13823,official_proceedings_or_journal,verified,Official ICAPS record gives pp. 259--268 and DOI.,2026-09-16
betterorders2017,2017,cost_partitioning,Better Orders for Saturated Cost Partitioning in Optimal Classical Planning,Develops or analyzes cost partitioning/SCP; it is compared against the fixed-order external-cost propagation question.,Shows that order choice matters; order optimization is intentionally frozen out of the present perturbation question.,https://mrlab.ai/papers/seipp-socs2017.pdf,substantive full-paper or theorem/algorithm pass,no,yes,url:https://mrlab.ai/papers/seipp-socs2017.pdf,author_or_institutional_copy,verified,"Title, authorship, year, venue, and cited contextual passage were checked against this direct scholarly or institutional source.",2026-09-16
narrowing2017,2017,cost_partitioning,Narrowing the Gap Between Saturated and Optimal Cost Partitioning for Classical Planning,Develops or analyzes cost partitioning/SCP; it is compared against the fixed-order external-cost propagation question.,"Develops allocation, ordering, optimization, or representation for cost partitioning; the present question freezes abstractions/order and changes action costs between searches.",https://ojs.aaai.org/index.php/AAAI/article/view/11022,bibliographic verification plus relevant cited context,no,yes,doi:10.1609/aaai.v31i1.11022,official_proceedings_or_journal,verified,Official AAAI article record.,2026-09-16
patternselection2019,2019,cost_partitioning,Pattern Selection for Optimal Classical Planning with Saturated Cost Partitioning,Develops or analyzes cost partitioning/SCP; it is compared against the fixed-order external-cost propagation question.,Selects patterns jointly with SCP; this work freezes the pattern collection.,https://www.ijcai.org/proceedings/2019/780,bibliographic verification plus relevant cited context,no,yes,doi:10.24963/ijcai.2019/780,official_proceedings_or_journal,verified,Official IJCAI paper page gives pp. 5621--5627 and DOI.,2026-09-16
subsetsaturated2019,2019,cost_partitioning,Subset-Saturated Cost Partitioning for Optimal Classical Planning,Develops or analyzes cost partitioning/SCP; it is compared against the fixed-order external-cost propagation question.,Changes how SCP chooses subsets for saturation; useful alternative formulation but not an update-propagation theorem.,https://ojs.aaai.org/index.php/ICAPS/article/view/3503,substantive full-paper or theorem/algorithm pass,yes,yes,doi:10.1609/icaps.v29i1.3503,official_proceedings_or_journal,verified,Official ICAPS article record.,2026-09-16
scp2020,2020,cost_partitioning,Saturated Cost Partitioning for Optimal Classical Planning,Develops or analyzes cost partitioning/SCP; it is compared against the fixed-order external-cost propagation question.,"Primary definition and correctness basis for saturated cost partitioning; the present recurrence is inherited, not renamed.",https://www.jair.org/index.php/jair/article/view/11673,substantive full-paper or theorem/algorithm pass,yes,yes,doi:10.1613/jair.1.11673,official_proceedings_or_journal,verified,"Official JAIR article record; vol. 67, pp. 129--167.",2026-09-16
online2021,2021,cost_partitioning,Online Saturated Cost Partitioning for Classical Planning,Develops or analyzes cost partitioning/SCP; it is compared against the fixed-order external-cost propagation question.,"Changes how stored orders are used during search, whereas this work fixes one order and changes external action costs between searches.",https://mrlab.ai/papers/seipp-icaps2021.pdf,substantive full-paper or theorem/algorithm pass,yes,yes,url:https://mrlab.ai/papers/seipp-icaps2021.pdf,author_or_institutional_copy,verified,"Title, authorship, year, venue, and cited contextual passage were checked against this direct scholarly or institutional source.",2026-09-16
transitioncp2021,2021,cost_partitioning,Subset-Saturated Transition Cost Partitioning,Develops or analyzes cost partitioning/SCP; it is compared against the fixed-order external-cost propagation question.,Allocates costs at transition granularity; it is a stronger representation choice but does not establish the one-decrease cascade proved here.,https://mrlab.ai/papers/drexler-et-al-icaps2021.pdf,substantive full-paper or theorem/algorithm pass,yes,yes,url:https://mrlab.ai/papers/drexler-et-al-icaps2021.pdf,author_or_institutional_copy,verified,"Title, authorship, year, venue, and cited contextual passage were checked against this direct scholarly or institutional source.",2026-09-16
saturatedposthoc2021,2021,cost_partitioning,Saturated Post-hoc Optimization for Classical Planning,Develops or analyzes cost partitioning/SCP; it is compared against the fixed-order external-cost propagation question.,"Develops allocation, ordering, optimization, or representation for cost partitioning; the present question freezes abstractions/order and changes action costs between searches.",https://mrlab.ai/papers/seipp-et-al-aaai2021.pdf,bibliographic verification plus relevant cited context,no,yes,url:https://mrlab.ai/papers/seipp-et-al-aaai2021.pdf,author_or_institutional_copy,verified,"Title, authorship, year, venue, and cited contextual passage were checked against this direct scholarly or institutional source.",2026-09-16
dw2021,2021,cost_partitioning,Dantzig--Wolfe Decomposition for Cost Partitioning,Develops or analyzes cost partitioning/SCP; it is compared against the fixed-order external-cost propagation question.,Optimizes partitions by decomposition; this work instead studies exact replay/repair of a fixed ordered partition.,https://mrlab.ai/papers/pommerening-et-al-icaps2021.pdf,substantive full-paper or theorem/algorithm pass,yes,yes,url:https://mrlab.ai/papers/pommerening-et-al-icaps2021.pdf,author_or_institutional_copy,verified,"Title, authorship, year, venue, and cited contextual passage were checked against this direct scholarly or institutional source.",2026-09-16
sensitivity2023,2023,cost_partitioning,Sensitivity Analysis for Saturated Post-hoc Optimization in Classical Planning,Develops or analyzes cost partitioning/SCP; it is compared against the fixed-order external-cost propagation question.,Closest sensitivity neighbor for saturated post-hoc optimization; the optimized LP object differs from table-value propagation through ordered SCP.,https://mrlab.ai/papers/hoeft-et-al-ecai2023.pdf,substantive full-paper or theorem/algorithm pass,no,yes,url:https://mrlab.ai/papers/hoeft-et-al-ecai2023.pdf,author_or_institutional_copy,verified,"Title, authorship, year, venue, and cited contextual passage were checked against this direct scholarly or institutional source.",2026-09-16
probabilisticscp2023,2023,cost_partitioning,Cartesian Abstractions and Saturated Cost Partitioning in Probabilistic Planning,Develops or analyzes cost partitioning/SCP; it is compared against the fixed-order external-cost propagation question.,Extends Cartesian abstraction/SCP to probabilistic planning; the current proof is deterministic and finite-distance.,https://doi.org/10.3233/FAIA230405,bibliographic verification plus relevant cited context,no,yes,doi:10.3233/FAIA230405,publisher_or_doi,verified,Publisher DOI record; pp. 1272--1279.,2026-09-16
sensitivity2024,2024,cost_partitioning,Versatile Cost Partitioning with Exact Sensitivity Analysis,Develops or analyzes cost partitioning/SCP; it is compared against the fixed-order external-cost propagation question.,Closest exact sensitivity neighbor and explicit warning that reuse overhead can dominate; motivates measuring update-plus-search total time.,https://mrlab.ai/papers/hoeft-et-al-icaps2024.pdf,substantive full-paper or theorem/algorithm pass,yes,yes,url:https://mrlab.ai/papers/hoeft-et-al-icaps2024.pdf,author_or_institutional_copy,verified,"Title, authorship, year, venue, and cited contextual passage were checked against this direct scholarly or institutional source.",2026-09-16
perfect2025,2025,cost_partitioning,Representing Perfect Saturated Cost Partitioning Heuristics in Classical Planning,Develops or analyzes cost partitioning/SCP; it is compared against the fixed-order external-cost propagation question.,Represents the best SCP value over many orders; our theorem concerns the response of one fixed order.,https://mrlab.ai/papers/hoeft-et-al-kr2025.pdf,substantive full-paper or theorem/algorithm pass,no,yes,url:https://mrlab.ai/papers/hoeft-et-al-kr2025.pdf,author_or_institutional_copy,verified,"Title, authorship, year, venue, and cited contextual passage were checked against this direct scholarly or institutional source.",2026-09-16
monotonic2026,2026,cost_partitioning,Monotonic Variants of Saturated Cost Partitioning,Develops or analyzes cost partitioning/SCP; it is compared against the fixed-order external-cost propagation question.,"Studies monotonicity under adding/refining abstractions, not monotonicity under external action-cost changes.",https://ojs.aaai.org/index.php/ICAPS/article/view/42856,substantive full-paper or theorem/algorithm pass,yes,yes,doi:10.1609/icaps.v36i1.42856,official_proceedings_or_journal,verified,Official ICAPS 2026 article record; pp. 415--419.,2026-09-16
costpartitionmsa2024,2024,cost_partitioning,Cost Partitioning for Multiple Sequence Alignment,Develops or analyzes cost partitioning/SCP; it is compared against the fixed-order external-cost propagation question.,Transfers cost partitioning beyond classical planning; useful evidence that shared-label allocation effects are not tied to one application.,https://mrlab.ai/papers/skjelnes-et-al-ecai2024.pdf,bibliographic verification plus relevant cited context,no,yes,url:https://mrlab.ai/papers/skjelnes-et-al-ecai2024.pdf,author_or_institutional_copy,verified,"Title, authorship, year, venue, and cited contextual passage were checked against this direct scholarly or institutional source.",2026-09-16
incremental2020,2020,dynamic_shortest_paths,Incremental Search for Counterexample-Guided Cartesian Abstraction Refinement,"Maintains shortest paths after graph/weight changes or studies parametric paths; it is a within-graph neighbor, not the residual-coupled sequence of SCP abstractions.","Establishes within-abstraction incremental shortest-path repair as a replaceable component, not a solution to inter-table residual coupling.",https://mrlab.ai/papers/seipp-et-al-icaps2020.pdf,substantive full-paper or theorem/algorithm pass,no,yes,url:https://mrlab.ai/papers/seipp-et-al-icaps2020.pdf,author_or_institutional_copy,verified,"Title, authorship, year, venue, and cited contextual passage were checked against this direct scholarly or institutional source.",2026-09-16
lpa2004,2004,dynamic_shortest_paths,Lifelong Planning A*,"Maintains shortest paths after graph/weight changes or studies parametric paths; it is a within-graph neighbor, not the residual-coupled sequence of SCP abstractions.",Canonical heuristic incremental search baseline inside a changing graph.,https://idm-lab.org/bib/abstracts/papers/aij04.pdf,substantive full-paper or theorem/algorithm pass,yes,yes,url:https://idm-lab.org/bib/abstracts/papers/aij04.pdf,author_or_institutional_copy,verified,"Title, authorship, year, venue, and cited contextual passage were checked against this direct scholarly or institutional source.",2026-09-16
dstar2002,2002,dynamic_shortest_paths,D* Lite,"Maintains shortest paths after graph/weight changes or studies parametric paths; it is a within-graph neighbor, not the residual-coupled sequence of SCP abstractions.","Maintains shortest paths after graph/weight changes or studies parametric paths; it is a within-graph neighbor, not the residual-coupled sequence of SCP abstractions.",https://aaai.org/papers/00476-aaai02-072-d-lite/,bibliographic verification plus relevant cited context,yes,yes,url:https://aaai.org/papers/00476-aaai02-072-d-lite/,official_proceedings_or_journal,verified,"Title, authorship, year, venue, and cited contextual passage were checked against this direct scholarly or institutional source.",2026-09-16
ramalingam1996,1996,dynamic_shortest_paths,An Incremental Algorithm for a Generalization of the Shortest-Path Problem,"Maintains shortest paths after graph/weight changes or studies parametric paths; it is a within-graph neighbor, not the residual-coupled sequence of SCP abstractions.",General incremental shortest-path maintenance; does not model saturation subtraction and downstream offers.,https://ftp.cs.wisc.edu/pub/techreports/1992/TR1087.pdf,substantive full-paper or theorem/algorithm pass,no,yes,url:https://ftp.cs.wisc.edu/pub/techreports/1992/TR1087.pdf,institutional_bibliography,verified,"Title, authorship, year, venue, and cited contextual passage were checked against this direct scholarly or institutional source.",2026-09-16
frigioni2000,2000,dynamic_shortest_paths,Fully Dynamic Algorithms for Maintaining Shortest Path Trees,"Maintains shortest paths after graph/weight changes or studies parametric paths; it is a within-graph neighbor, not the residual-coupled sequence of SCP abstractions.","Maintains shortest paths after graph/weight changes or studies parametric paths; it is a within-graph neighbor, not the residual-coupled sequence of SCP abstractions.",https://iris.uniroma1.it/handle/11573/784396,bibliographic verification plus relevant cited context,no,yes,url:https://iris.uniroma1.it/handle/11573/784396,institutional_bibliography,verified,"Title, authorship, year, venue, and cited contextual passage were checked against this direct scholarly or institutional source.",2026-09-16
demetrescu2004,2004,dynamic_shortest_paths,A New Approach to Dynamic All Pairs Shortest Paths,"Maintains shortest paths after graph/weight changes or studies parametric paths; it is a within-graph neighbor, not the residual-coupled sequence of SCP abstractions.","Maintains shortest paths after graph/weight changes or studies parametric paths; it is a within-graph neighbor, not the residual-coupled sequence of SCP abstractions.",https://doi.org/10.1145/1039488.1039492,bibliographic verification plus relevant cited context,no,yes,doi:10.1145/1039488.1039492,publisher_or_doi,verified,"Title, authorship, year, venue, and cited contextual passage were checked against this direct scholarly or institutional source.",2026-09-16
karporlin1981,1981,dynamic_shortest_paths,Parametric Shortest Path Algorithms with an Application to Cyclic Staffing,"Maintains shortest paths after graph/weight changes or studies parametric paths; it is a within-graph neighbor, not the residual-coupled sequence of SCP abstractions.",Parametric shortest paths vary edge weights in one graph; repeated saturation creates a different compositional map.,https://doi.org/10.1016/0166-218X(81)90026-0,bibliographic verification plus relevant cited context,no,yes,doi:10.1016/0166-218X(81)90026-0,publisher_or_doi,verified,"Title, authorship, year, venue, and cited contextual passage were checked against this direct scholarly or institutional source.",2026-09-16
youngtarjanorlin1991,1991,dynamic_shortest_paths,Faster Parametric Shortest Path and Minimum-Balance Algorithms,"Maintains shortest paths after graph/weight changes or studies parametric paths; it is a within-graph neighbor, not the residual-coupled sequence of SCP abstractions.","Improves parametric shortest-path algorithms, again for one parametric graph rather than an ordered residual pipeline.",https://doi.org/10.1002/net.3230210206,bibliographic verification plus relevant cited context,no,yes,doi:10.1002/net.3230210206,publisher_or_doi,verified,"Title, authorship, year, venue, and cited contextual passage were checked against this direct scholarly or institutional source.",2026-09-16
stentz1995,1995,dynamic_shortest_paths,The Focussed D* Algorithm for Real-Time Replanning,"Maintains shortest paths after graph/weight changes or studies parametric paths; it is a within-graph neighbor, not the residual-coupled sequence of SCP abstractions.","Maintains shortest paths after graph/weight changes or studies parametric paths; it is a within-graph neighbor, not the residual-coupled sequence of SCP abstractions.",https://www.cs.cmu.edu/~motionplanning/papers/sbp_papers/integrated1/stentz_focussed_dstar.pdf,bibliographic verification plus relevant cited context,no,yes,url:https://www.cs.cmu.edu/~motionplanning/papers/sbp_papers/integrated1/stentz_focussed_dstar.pdf,author_or_institutional_copy,verified,"Title, authorship, year, venue, and cited contextual passage were checked against this direct scholarly or institutional source.",2026-09-16
koeniglichachev2005,2005,dynamic_shortest_paths,Fast Replanning for Navigation in Unknown Terrain,"Maintains shortest paths after graph/weight changes or studies parametric paths; it is a within-graph neighbor, not the residual-coupled sequence of SCP abstractions.","Maintains shortest paths after graph/weight changes or studies parametric paths; it is a within-graph neighbor, not the residual-coupled sequence of SCP abstractions.",https://doi.org/10.1109/TRO.2004.838026,bibliographic verification plus relevant cited context,no,yes,doi:10.1109/TRO.2004.838026,publisher_or_doi,verified,"Title, authorship, year, venue, and cited contextual passage were checked against this direct scholarly or institutional source.",2026-09-16
hernandez2012,2012,dynamic_shortest_paths,Incremental Search Algorithms Considered Poorly Understood,"Maintains shortest paths after graph/weight changes or studies parametric paths; it is a within-graph neighbor, not the residual-coupled sequence of SCP abstractions.","Negative-result route: incremental search is not uniformly faster than recomputation, supporting an explicit break-even evaluation.",https://ojs.aaai.org/index.php/SOCS/article/view/18268,bibliographic verification plus relevant cited context,no,yes,url:https://ojs.aaai.org/index.php/SOCS/article/view/18268,official_proceedings_or_journal,verified,"Title, authorship, year, venue, and cited contextual passage were checked against this direct scholarly or institutional source.",2026-09-16
