family,method,cases,rewritten_percent,median_rebuilt_tables,median_certificate_entries,median_update_ms,sum_update_ms,median_total_ms,sum_total_ms,total_ratio,median_paired_total_ratio,min_paired_total_ratio,max_paired_total_ratio,paired_wins,sum_expansions,failures
independent,full,24,100.0,4.0,0.0,0.10753899999826899,2.513061999934507,0.28925700007675914,6.710190999910992,1.0,1.0,1.0,1.0,0,672,0
independent,exact,24,21.875,1.0,3.0,0.038711999991392076,0.9343189998389789,0.2138100000479426,5.123096000147598,0.7634799069379029,0.7384054215418754,0.599398890824443,1.0894698905452544,23,672,0
independent,support,24,37.5,1.5,0.0,0.03563250004390284,0.913375999971322,0.204777500016462,4.905030999680093,0.7309823222237871,0.7350943307938403,0.5333397088748748,0.9010155580808311,24,672,0
independent,scale,24,0.0,0.0,0.0,0.030985500018232415,0.7035790001737041,20.846166000012545,633.4735949999413,94.4047039806086,73.5655631432586,30.088875688336266,151.2756520339289,0,123028,0
independent,maximum,24,100.0,4.0,0.0,0.03280399994309846,0.8356440000625298,20.790763499917375,635.535488000528,94.71198182122656,76.0652849045392,27.148018667141958,150.38883331036462,0,121576,0
coupled,full,24,100.0,5.0,0.0,0.2841445000285603,8.112979999850722,0.5625495000458614,32.26879099997859,1.0,1.0,1.0,1.0,0,2272,0
coupled,exact,24,22.5,0.5,32.0,0.0703690000136703,2.808137999977589,0.1916130000836347,27.57725600008598,0.8546107599787137,0.4885616317865782,0.24450496614420283,1.0701726846050021,23,2272,0
coupled,support,24,75.0,4.0,0.0,0.1959944999612162,5.579276000048594,0.35306699999182456,29.901382000389276,0.9266347165101139,0.8022368585800218,0.474873617249462,1.0371805947411135,22,2272,0
coupled,scale,24,0.0,0.0,0.0,0.024691000021448417,0.6272160004527905,7.360157000050549,240.4333679996853,7.450956808386308,7.829600623392318,2.515972923997891,39.781424373059856,0,27839,0
coupled,maximum,24,100.0,5.0,0.0,0.09228100003610962,2.5524079999286187,3.2761420000042563,152.87730599982297,4.737621127482725,3.953049129832756,1.6091192209193752,22.908153166151088,0,15895,0
relay,full,12,100.0,10.0,0.0,0.07083999997803403,1.0187339998992684,0.14015750008411487,1.9717520000313016,1.0,1.0,1.0,1.0,0,66,0
relay,exact,12,100.0,10.0,10.0,0.09079400001610338,1.1168969997470413,0.1519890000167834,2.0295739998346107,1.0293251888687782,1.0876995904053848,0.90397097137297,1.2213089688158325,2,66,0
relay,support,12,100.0,10.0,0.0,0.08172550008112012,0.9723670003722873,0.1491350000719649,1.884900000163725,0.955951864196817,0.9910617953325174,0.8412806696145371,1.379846679793707,6,66,0
relay,scale,12,0.0,0.0,0.0,0.016829499998038955,0.2384119999305767,2.10835250004493,105.08717299978798,53.29634406260002,14.800238422456538,1.7718490087843255,91.3306852244664,0,13404,0
relay,maximum,12,100.0,10.0,0.0,0.02290899999479734,0.29087900009017176,1.8688034999740921,102.10382300033416,51.78329881177413,13.430952880574402,1.3972428324380406,81.87612477940473,0,12585,0
all,full,60,100.0,5.0,0.0,0.13445849998561243,11.644775999684498,0.29862650001177826,40.950733999920885,1.0,1.0,1.0,1.0,0,3010,0
all,exact,60,28.523936170212767,1.0,9.0,0.045847500018680876,4.859353999563609,0.2053730000284304,34.72992600006819,0.8480904396032385,0.7384054215418754,0.24450496614420283,1.2213089688158325,48,3010,0
all,support,60,67.42021276595744,2.5,0.0,0.07193600004029577,7.4650190003922035,0.22803699999940363,36.691313000233094,0.895986699537644,0.785346029745982,0.474873617249462,1.379846679793707,52,3010,0
all,scale,60,0.0,0.0,0.0,0.026254000033532066,1.5692070005570713,8.30908799991903,978.9941359994145,23.906632198614705,32.313201351789566,1.7718490087843255,151.2756520339289,0,164271,0
all,maximum,60,100.0,5.0,0.0,0.04236799998125207,3.6789310000813202,6.71784050007318,890.5166170006851,21.74604775099771,16.80035080225518,1.3972428324380406,150.38883331036462,0,150056,0
