case,family,mode,method,patterns,entries,changed_tables,changed_entries,written_entries,rebuilt_tables,certificate_entries,edge_scans,update_ms,total_ms,min_total_ms,max_total_ms,expansions,failures
coupled-mixed-3-0,coupled,mixed,full,5,45,1,6,45,5,0,1180,0.16587999994044367,0.2446890000555868,0.23896999982753186,0.24979600016195036,6,0
coupled-mixed-3-0,coupled,mixed,exact,5,45,1,6,9,1,36,460,0.0787190001574345,0.1643380003315542,0.1442880000013247,0.18198499992649886,6,0
coupled-mixed-3-0,coupled,mixed,support,5,45,1,6,45,5,0,1180,0.1639770000565477,0.23499400003856863,0.22973599993747484,0.2403720000074827,6,0
coupled-mixed-3-0,coupled,mixed,scale,5,45,1,6,0,0,0,0,0.021463000166477286,1.4807220002239774,1.442564000171842,1.5068910001900804,182,0
coupled-mixed-3-0,coupled,mixed,maximum,5,45,1,6,45,5,0,280,0.0548230000276817,0.38854600006743567,0.3869330000725313,0.4244589997597359,30,0
coupled-mixed-3-1,coupled,mixed,full,5,45,0,0,45,5,0,1180,0.16839299996718182,0.24049100011325208,0.22507899984702817,0.29749800000899995,6,0
coupled-mixed-3-1,coupled,mixed,exact,5,45,0,0,0,0,18,112,0.03677499989862554,0.1185579999400943,0.10746199995992356,0.13952099970993004,6,0
coupled-mixed-3-1,coupled,mixed,support,5,45,0,0,36,4,0,944,0.13163800008442195,0.20980600015718665,0.20066199977009092,0.21620500024255307,6,0
coupled-mixed-3-1,coupled,mixed,scale,5,45,0,0,0,0,0,0,0.021613000171782915,1.8232280001484469,1.8009840000559052,2.0517020000170305,239,0
coupled-mixed-3-1,coupled,mixed,maximum,5,45,0,0,45,5,0,280,0.05108699997435906,0.6212759999471018,0.6113409999670694,0.6407969999600027,58,0
coupled-mixed-3-2,coupled,mixed,full,5,45,4,24,45,5,0,1180,0.16242499987129122,0.7822390000455925,0.697040999739329,1.0603969999465335,53,0
coupled-mixed-3-2,coupled,mixed,exact,5,45,4,24,36,4,27,1044,0.15819899999769405,0.6836100001237355,0.6759989998954552,0.6970109998292173,53,0
coupled-mixed-3-2,coupled,mixed,support,5,45,4,24,45,5,0,1180,0.16003099995032244,0.6649619997460832,0.6623679998938314,0.6809960000282445,53,0
coupled-mixed-3-2,coupled,mixed,scale,5,45,4,24,0,0,0,0,0.022242999875743408,2.104611999811823,1.8921809999028483,2.148487000113164,236,0
coupled-mixed-3-2,coupled,mixed,maximum,5,45,4,24,45,5,0,280,0.052528999958667555,1.5310779999708757,1.5200599998479447,1.616946000012831,177,0
coupled-mixed-3-3,coupled,mixed,full,5,45,0,0,45,5,0,1180,0.15817799999240378,0.2285850000589562,0.228323999863278,0.2338019999115204,6,0
coupled-mixed-3-3,coupled,mixed,exact,5,45,0,0,0,0,18,112,0.048002000085034524,0.11821799989775172,0.1041769999119424,0.1717680002002453,6,0
coupled-mixed-3-3,coupled,mixed,support,5,45,0,0,36,4,0,944,0.13325000008990173,0.219070000184729,0.20306600004005304,0.2312970000275527,6,0
coupled-mixed-3-3,coupled,mixed,scale,5,45,0,0,0,0,0,0,0.018297999986316427,0.6661339998572657,0.6524119999085087,0.7030300000678835,71,0
coupled-mixed-3-3,coupled,mixed,maximum,5,45,0,0,45,5,0,280,0.051947999963886105,0.7104999999683059,0.7045209999887447,0.7588029998260026,71,0
coupled-mixed-4-0,coupled,mixed,full,5,80,1,12,80,5,0,2155,0.3153850000217062,0.4287060000933707,0.4160759999649599,0.4780300000675197,9,0
coupled-mixed-4-0,coupled,mixed,exact,5,80,1,12,16,1,64,875,0.14037100004316017,0.25384200012013025,0.2344039999115921,0.37025699998594064,9,0
coupled-mixed-4-0,coupled,mixed,support,5,80,1,12,80,5,0,2155,0.27503399996930966,0.3855510001358198,0.3841699999611592,0.4065819998686493,9,0
coupled-mixed-4-0,coupled,mixed,scale,5,80,1,12,0,0,0,0,0.03894799988302111,7.074489999922662,7.016223000164246,7.281333000037193,843,0
coupled-mixed-4-0,coupled,mixed,maximum,5,80,1,12,80,5,0,555,0.1217030001043895,1.9277760000022681,1.905542000031346,2.0778510001946415,171,0
coupled-mixed-4-1,coupled,mixed,full,5,80,0,0,80,5,0,2155,0.29951099986647023,0.4092860001492227,0.408254999683777,0.41198099984285363,9,0
coupled-mixed-4-1,coupled,mixed,exact,5,80,0,0,0,0,32,222,0.054552000165131176,0.17380200006300583,0.17375100014760392,0.20085199980712787,9,0
coupled-mixed-4-1,coupled,mixed,support,5,80,0,0,64,4,0,1724,0.22127299985186255,0.33103799978562165,0.32633199998599594,0.33478399996056396,9,0
coupled-mixed-4-1,coupled,mixed,scale,5,80,0,0,0,0,0,0,0.029344000040509854,8.437164000042685,8.287559000109468,8.636194000018804,1015,0
coupled-mixed-4-1,coupled,mixed,maximum,5,80,0,0,80,5,0,555,0.11329099993417913,3.0363259998011927,3.02766200024962,3.187394999940807,303,0
coupled-mixed-4-2,coupled,mixed,full,5,80,4,48,80,5,0,2155,0.29280099988682196,2.785127000151988,2.7549719998205546,2.7866890000041167,236,0
coupled-mixed-4-2,coupled,mixed,exact,5,80,4,48,64,4,48,1897,0.27416299985816295,2.712148000000525,2.689021999913166,2.7196589999221032,236,0
coupled-mixed-4-2,coupled,mixed,support,5,80,4,48,80,5,0,2155,0.29047799989712075,2.71946900011244,2.680208999890965,2.788271000099485,236,0
coupled-mixed-4-2,coupled,mixed,scale,5,80,4,48,0,0,0,0,0.03339999989293574,8.95956199997272,8.868794999898455,9.073063000187176,1012,0
coupled-mixed-4-2,coupled,mixed,maximum,5,80,4,48,80,5,0,555,0.10597999994388374,7.420152000122471,7.4030470000252535,7.605950999959532,859,0
coupled-mixed-4-3,coupled,mixed,full,5,80,0,0,80,5,0,2155,0.2990309999404417,0.4068030000325962,0.387814000077924,0.40897600001699175,9,0
coupled-mixed-4-3,coupled,mixed,exact,5,80,0,0,0,0,32,222,0.04610899986801087,0.15011599998615566,0.14795199990658148,0.17939100007424713,9,0
coupled-mixed-4-3,coupled,mixed,support,5,80,0,0,64,4,0,1724,0.2292460001172003,0.33345299993925437,0.32218499995906313,0.3411650002362876,9,0
coupled-mixed-4-3,coupled,mixed,scale,5,80,0,0,0,0,0,0,0.029463999908330152,3.1196409997846786,3.052901000046404,3.2843889998730447,334,0
coupled-mixed-4-3,coupled,mixed,maximum,5,80,0,0,80,5,0,555,0.09039599990501301,3.3181900000727182,3.267122999886851,3.4084770002209552,346,0
coupled-mixed-5-0,coupled,mixed,full,5,125,1,20,125,5,0,3420,0.7013970000571135,0.8560200001284102,0.5939449999914359,0.8755799997288705,12,0
coupled-mixed-5-0,coupled,mixed,exact,5,125,1,20,25,1,100,1420,0.1896950000173092,0.3884750001361681,0.3265620000547642,0.4129919998376863,12,0
coupled-mixed-5-0,coupled,mixed,support,5,125,1,20,125,5,0,3420,0.4311299999244511,0.5772899999101355,0.5728240000735241,0.7014469999830908,12,0
coupled-mixed-5-0,coupled,mixed,scale,5,125,1,20,0,0,0,0,0.03743600018424331,22.365973999967537,22.279725000089456,24.669806000247263,2691,0
coupled-mixed-5-0,coupled,mixed,maximum,5,125,1,20,125,5,0,920,0.2405519999229,9.21301400012453,6.691091999982746,9.45669100019586,614,0
coupled-mixed-5-1,coupled,mixed,full,5,125,0,0,125,5,0,3420,0.6768799999008479,0.8356890000413841,0.8273869998447481,0.9867080000276474,12,0
coupled-mixed-5-1,coupled,mixed,exact,5,125,0,0,0,0,50,368,0.11738700004571001,0.268204999883892,0.2173679999941669,0.27398299994274566,12,0
coupled-mixed-5-1,coupled,mixed,support,5,125,0,0,100,4,0,2736,0.47873200014691975,0.6266350001169485,0.5690069999673142,0.8889109999472566,12,0
coupled-mixed-5-1,coupled,mixed,scale,5,125,0,0,0,0,0,0,0.04086199987796135,28.360778999967806,26.91365800001222,38.89766699990105,3108,0
coupled-mixed-5-1,coupled,mixed,maximum,5,125,0,0,125,5,0,920,0.24316600001839106,10.785882999925889,10.659702999873844,12.305022999953508,1058,0
coupled-mixed-5-2,coupled,mixed,full,5,125,4,80,125,5,0,3420,0.7102909999048279,9.49437899998884,9.012490999793954,9.793098000045575,766,0
coupled-mixed-5-2,coupled,mixed,exact,5,125,4,80,100,4,75,3000,0.5771199998889642,9.434737999981735,9.109356999942975,12.693518999867592,766,0
coupled-mixed-5-2,coupled,mixed,support,5,125,4,80,125,5,0,3420,0.6646320000527339,9.972088000040458,8.998871000130748,10.242605000257754,766,0
coupled-mixed-5-2,coupled,mixed,scale,5,125,4,80,0,0,0,0,0.04818299998987641,31.95780000010018,30.815188000133276,33.86775800004216,3105,0
coupled-mixed-5-2,coupled,mixed,maximum,5,125,4,80,125,5,0,920,0.24444900009257253,28.790247000188174,26.15637600001719,31.285947000014858,2714,0
coupled-mixed-5-3,coupled,mixed,full,5,125,0,0,125,5,0,3420,0.7918930000414548,0.9437810001600155,0.7753790000606386,1.0183439999309485,12,0
coupled-mixed-5-3,coupled,mixed,exact,5,125,0,0,0,0,50,368,0.07454299998244096,0.24588999986008275,0.21640699992531154,0.4677039999023691,12,0
coupled-mixed-5-3,coupled,mixed,support,5,125,0,0,100,4,0,2736,0.4004730001270218,0.5617760000404814,0.48128499997801555,0.9590559998287063,12,0
coupled-mixed-5-3,coupled,mixed,scale,5,125,0,0,0,0,0,0,0.03871900003105111,11.281582000037815,11.14417300027526,12.247857999909684,1074,0
coupled-mixed-5-3,coupled,mixed,maximum,5,125,0,0,125,5,0,920,0.1747640001212858,13.00531900005808,12.474578999899677,14.821596000047066,1177,0
coupled-sparse-3-0,coupled,sparse,full,5,45,1,6,45,5,0,1180,0.164868999945611,0.2386199998909433,0.22698299994772242,0.30066299996178714,6,0
coupled-sparse-3-0,coupled,sparse,exact,5,45,1,6,9,1,18,348,0.06703100007143803,0.14631999988523603,0.13539399992623657,0.1693449999038421,6,0
coupled-sparse-3-0,coupled,sparse,support,5,45,1,6,27,3,0,708,0.103446000139229,0.1735920002374769,0.17134800009444007,0.1743230000101903,6,0
coupled-sparse-3-0,coupled,sparse,scale,5,45,1,6,0,0,0,0,0.03410199997233576,1.4411820000077569,1.413069999898653,1.5241270000387885,182,0
coupled-sparse-3-0,coupled,sparse,maximum,5,45,1,6,45,5,0,280,0.051127000006090384,0.44421999996302475,0.4170889999386418,0.5062420000285783,30,0
coupled-sparse-3-1,coupled,sparse,full,5,45,0,0,45,5,0,1180,0.161273000003348,0.23455299992747314,0.23121799995351466,0.27746800014938344,6,0
coupled-sparse-3-1,coupled,sparse,exact,5,45,0,0,0,0,0,0,0.02292399994985317,0.0956039998527558,0.09131799993156164,0.09596399991096405,6,0
coupled-sparse-3-1,coupled,sparse,support,5,45,0,0,18,2,0,472,0.07449199983966537,0.14433699971050373,0.14293499998530024,0.16155399998751818,6,0
coupled-sparse-3-1,coupled,sparse,scale,5,45,0,0,0,0,0,0,0.021572999912677915,1.821624000058364,1.7791410000427277,1.8698290000429552,242,0
coupled-sparse-3-1,coupled,sparse,maximum,5,45,0,0,45,5,0,280,0.04959500006407325,0.9825209999689832,0.9705730001314805,1.0099920000357088,95,0
coupled-sparse-3-2,coupled,sparse,full,5,45,3,18,45,5,0,1180,0.16548999997212377,0.6900499997755105,0.6734250000590691,0.7686889998694824,53,0
coupled-sparse-3-2,coupled,sparse,exact,5,45,3,18,27,3,27,842,0.13654600002155348,0.669437999931688,0.6479260000560316,0.6861740000658756,53,0
coupled-sparse-3-2,coupled,sparse,support,5,45,3,18,45,5,0,1180,0.16450799989797815,0.6834000000708329,0.6733650000114721,0.7190040000750741,53,0
coupled-sparse-3-2,coupled,sparse,scale,5,45,3,18,0,0,0,0,0.023635999923499185,1.877870000043913,1.851771000019653,1.9336130001192942,235,0
coupled-sparse-3-2,coupled,sparse,maximum,5,45,3,18,45,5,0,280,0.051947999963886105,1.5004409999619384,1.4950940001199342,1.5248879999489873,172,0
coupled-sparse-3-3,coupled,sparse,full,5,45,0,0,45,5,0,1180,0.16013200001907535,0.23147900014919287,0.22638100017502438,0.26646099991012306,6,0
coupled-sparse-3-3,coupled,sparse,exact,5,45,0,0,0,0,0,0,0.02085099981741223,0.0909559998945042,0.08849300002111704,0.09167799998976989,6,0
coupled-sparse-3-3,coupled,sparse,support,5,45,0,0,18,2,0,472,0.0728500001514476,0.14110300003267184,0.14072199996917334,0.1521900001080212,6,0
coupled-sparse-3-3,coupled,sparse,scale,5,45,0,0,0,0,0,0,0.020350999875518028,0.7016179999936867,0.6678869997358561,0.8007870001165429,71,0
coupled-sparse-3-3,coupled,sparse,maximum,5,45,0,0,45,5,0,280,0.05035499998484738,0.7421979998980532,0.7127030000901868,0.797463000026255,71,0
coupled-sparse-4-0,coupled,sparse,full,5,80,1,12,80,5,0,2155,0.28661199985435815,0.3965679998145788,0.3843199999664648,0.5755869999575225,9,0
coupled-sparse-4-0,coupled,sparse,exact,5,80,1,12,16,1,32,653,0.10418700003356207,0.2426959999866085,0.21225000000413274,0.2779479998480383,9,0
coupled-sparse-4-0,coupled,sparse,support,5,80,1,12,48,3,0,1293,0.175976000036826,0.2874039998914668,0.28431800024009135,0.5449509999380098,9,0
coupled-sparse-4-0,coupled,sparse,scale,5,80,1,12,0,0,0,0,0.029744999892500346,6.9473699998070515,6.611733999761782,7.097103999967658,843,0
coupled-sparse-4-0,coupled,sparse,maximum,5,80,1,12,80,5,0,555,0.09845799991126114,1.922006000086185,1.8316709999908198,1.9484250001369219,171,0
coupled-sparse-4-1,coupled,sparse,full,5,80,0,0,80,5,0,2155,0.28168399990136095,0.39182100022117083,0.3903169997556688,0.49856199984787963,9,0
coupled-sparse-4-1,coupled,sparse,exact,5,80,0,0,0,0,0,0,0.024337000013474608,0.12927499983561574,0.1250780001100793,0.13937900007476856,9,0
coupled-sparse-4-1,coupled,sparse,support,5,80,0,0,32,2,0,862,0.11634499992396741,0.221853999846644,0.2175879999413155,0.25568599994585384,9,0
coupled-sparse-4-1,coupled,sparse,scale,5,80,0,0,0,0,0,0,0.03046599999834143,8.09168400019189,8.06498399992961,8.145445000081963,1023,0
coupled-sparse-4-1,coupled,sparse,maximum,5,80,0,0,80,5,0,555,0.11312099991300784,4.45309100018676,4.403877000186185,4.519350999771632,479,0
coupled-sparse-4-2,coupled,sparse,full,5,80,3,36,80,5,0,2155,0.3980699998464843,2.802012999836734,2.730314000018552,3.0410330000449903,236,0
coupled-sparse-4-2,coupled,sparse,exact,5,80,3,36,48,3,48,1546,0.2212330000475049,2.630634000070131,2.607029000046168,2.6393169996481447,236,0
coupled-sparse-4-2,coupled,sparse,support,5,80,3,36,80,5,0,2155,0.300232000199685,2.6814610000656103,2.6361010000073293,2.7506950000315555,236,0
coupled-sparse-4-2,coupled,sparse,scale,5,80,3,36,0,0,0,0,0.03592400003071816,8.045814999832146,7.900916999915353,8.265486000254896,1010,0
coupled-sparse-4-2,coupled,sparse,maximum,5,80,3,36,80,5,0,555,0.1385389998631581,7.286281000006056,7.2131499998704385,7.398579999971844,843,0
coupled-sparse-4-3,coupled,sparse,full,5,80,0,0,80,5,0,2155,0.29084800007694867,0.39735900008963654,0.39608700012649933,0.4531729998689116,9,0
coupled-sparse-4-3,coupled,sparse,exact,5,80,0,0,0,0,0,0,0.022693999881084892,0.1349330000266491,0.12799299997823255,0.1419229997736693,9,0
coupled-sparse-4-3,coupled,sparse,support,5,80,0,0,32,2,0,862,0.12931499986734707,0.240253000129087,0.230156999805331,0.2543739999509853,9,0
coupled-sparse-4-3,coupled,sparse,scale,5,80,0,0,0,0,0,0,0.02852299985534046,3.0386589999125135,3.019220000169298,3.131578999955309,334,0
coupled-sparse-4-3,coupled,sparse,maximum,5,80,0,0,80,5,0,555,0.09511400003248127,3.2666940001035982,3.260003000150391,3.2891060000110883,346,0
coupled-sparse-5-0,coupled,sparse,full,5,125,1,20,125,5,0,3420,0.6280059999426157,0.7767100000819482,0.7354389999818522,0.8430099999259255,12,0
coupled-sparse-5-0,coupled,sparse,exact,5,125,1,20,25,1,50,1052,0.1503070000126172,0.3129219999209454,0.29589599989776616,0.36990700004935206,12,0
coupled-sparse-5-0,coupled,sparse,support,5,125,1,20,75,3,0,2052,0.2688249999209802,0.43938200019510987,0.43294199986121384,0.4532640000434185,12,0
coupled-sparse-5-0,coupled,sparse,scale,5,125,1,20,0,0,0,0,0.03896900011568505,22.158782999895266,22.085843000013483,23.93605099996421,2691,0
coupled-sparse-5-0,coupled,sparse,maximum,5,125,1,20,125,5,0,920,0.17303100003118743,6.342899000173929,6.304710999984309,6.480126000042219,614,0
coupled-sparse-5-1,coupled,sparse,full,5,125,0,0,125,5,0,3420,0.7789940000293427,0.9548689999974158,0.8717539999452129,1.0025409999343537,12,0
coupled-sparse-5-1,coupled,sparse,exact,5,125,0,0,0,0,0,0,0.029213999823696213,0.1834059999055171,0.17178899997816188,0.23824899972169078,12,0
coupled-sparse-5-1,coupled,sparse,support,5,125,0,0,50,2,0,1368,0.1973969999653491,0.3389799999240495,0.31552600012219045,0.3788410001561715,12,0
coupled-sparse-5-1,coupled,sparse,scale,5,125,0,0,0,0,0,0,0.038198000083866646,26.680606999661904,25.401960000181134,27.497148000065863,3124,0
coupled-sparse-5-1,coupled,sparse,maximum,5,125,0,0,125,5,0,920,0.2408730001661752,15.775673999996798,15.762623999989955,16.3978110001608,1647,0
coupled-sparse-5-2,coupled,sparse,full,5,125,3,60,125,5,0,3420,0.7788939999500144,8.977238999932524,8.529041999963738,9.704535999844666,766,0
coupled-sparse-5-2,coupled,sparse,exact,5,125,3,60,75,3,75,2460,0.5886070000542531,8.519058000047153,8.504486000219913,8.653069999809304,766,0
coupled-sparse-5-2,coupled,sparse,support,5,125,3,60,125,5,0,3420,0.6430699997963529,9.017239000058908,8.506558999670233,9.077809999780584,766,0
coupled-sparse-5-2,coupled,sparse,scale,5,125,3,60,0,0,0,0,0.05151799996383488,25.223069999810832,24.67792900006316,26.118799999721887,3100,0
coupled-sparse-5-2,coupled,sparse,maximum,5,125,3,60,125,5,0,920,0.2651099998729478,24.675544999809063,24.629445000073247,25.20163799999864,2672,0
coupled-sparse-5-3,coupled,sparse,full,5,125,0,0,125,5,0,3420,0.766935999990892,0.9130460000505991,0.5650010000408656,1.0899620001509902,12,0
coupled-sparse-5-3,coupled,sparse,exact,5,125,0,0,0,0,0,0,0.03306999997221283,0.19132900001750386,0.17176899996229622,0.19573499980651832,12,0
coupled-sparse-5-3,coupled,sparse,support,5,125,0,0,50,2,0,1368,0.1834470001540467,0.32255700011774024,0.32218599994848773,0.540445000069667,12,0
coupled-sparse-5-3,coupled,sparse,scale,5,125,0,0,0,0,0,0,0.03912800002581207,10.24756099991464,9.945718999915698,17.1963139998752,1074,0
coupled-sparse-5-3,coupled,sparse,maximum,5,125,0,0,125,5,0,920,0.21779799999421812,11.936016000163363,10.869159000094442,15.004941999904986,1177,0
independent-mixed-10-0,independent,mixed,full,4,40,2,18,40,4,0,588,0.13651499989464355,0.37457500002346933,0.3614939998897171,0.703839999914635,36,0
independent-mixed-10-0,independent,mixed,exact,4,40,2,18,20,2,10,296,0.06991600002947962,0.32236600031865237,0.28692300020338735,0.325961999806168,36,0
independent-mixed-10-0,independent,mixed,support,4,40,2,18,20,2,0,294,0.05756700011261273,0.2677239999684389,0.2637679999679676,0.35047900018980727,36,0
independent-mixed-10-0,independent,mixed,scale,4,40,2,18,0,0,0,0,0.03852800000458956,56.724252000094566,56.244808999963425,60.39617599981284,9990,0
independent-mixed-10-0,independent,mixed,maximum,4,40,2,18,40,4,0,108,0.05741699987993343,57.268481000164684,56.8532160000359,113.74286700015546,9964,0
independent-mixed-10-1,independent,mixed,full,4,40,0,0,40,4,0,588,0.13397199995779374,0.4367179999462678,0.42712399999800255,0.5276760000469949,36,0
independent-mixed-10-1,independent,mixed,exact,4,40,0,0,0,0,10,27,0.037606999967465526,0.27089700006399653,0.24880499995560967,0.31255099997906655,36,0
independent-mixed-10-1,independent,mixed,support,4,40,0,0,20,2,0,294,0.0539310001386184,0.29883100000915874,0.2630570002111199,0.5866739998054982,36,0
independent-mixed-10-1,independent,mixed,scale,4,40,0,0,0,0,0,0,0.03525300007822807,57.291667000072266,55.50470400021368,64.39454100018338,9999,0
independent-mixed-10-1,independent,mixed,maximum,4,40,0,0,40,4,0,108,0.05645600003845175,56.5536639999209,54.46660100005829,57.31930799993279,9964,0
independent-mixed-10-2,independent,mixed,full,4,40,1,9,40,4,0,588,0.1346430001376575,0.3817140000137442,0.36680200014416187,0.3819450000719371,36,0
independent-mixed-10-2,independent,mixed,exact,4,40,1,9,10,1,10,174,0.05254899997453322,0.261845000068206,0.2614129998619319,0.3560069999366533,36,0
independent-mixed-10-2,independent,mixed,support,4,40,1,9,20,2,0,294,0.050156000042989035,0.2866319998702238,0.2542029999403894,0.44925699990017165,36,0
independent-mixed-10-2,independent,mixed,scale,4,40,1,9,0,0,0,0,0.03466199996182695,59.67882500021915,59.35310299992125,59.9232120000579,9999,0
independent-mixed-10-2,independent,mixed,maximum,4,40,1,9,40,4,0,108,0.05515299994840461,56.19687599983081,53.85860399997,59.23919199994998,9730,0
independent-mixed-10-3,independent,mixed,full,4,40,1,9,40,4,0,588,0.1338220001798618,0.3853309999612975,0.363398000217785,0.4062220000378147,36,0
independent-mixed-10-3,independent,mixed,exact,4,40,1,9,10,1,10,174,0.07173800008786202,0.2992909999193216,0.2823750000970904,0.31043800004226796,36,0
independent-mixed-10-3,independent,mixed,support,4,40,1,9,20,2,0,294,0.051527999858080875,0.2584199999091652,0.25578600002518215,0.27614700002231984,36,0
independent-mixed-10-3,independent,mixed,scale,4,40,1,9,0,0,0,0,0.03843799981950724,59.4434199999796,54.63181400000394,63.19975999986127,9990,0
independent-mixed-10-3,independent,mixed,maximum,4,40,1,9,40,4,0,108,0.055513999996037455,57.87851199988836,51.44337399997312,60.851180999861754,9964,0
independent-mixed-6-0,independent,mixed,full,4,24,2,10,24,4,0,348,0.07549399992967665,0.19803799978035386,0.19130899977426452,0.23720799981674645,20,0
independent-mixed-6-0,independent,mixed,exact,4,24,2,10,12,2,6,176,0.054352000006474555,0.17245999993065197,0.1615430001038476,0.17663599987827183,20,0
independent-mixed-6-0,independent,mixed,support,4,24,2,10,12,2,0,174,0.03708600002028106,0.15403199995489558,0.1505260001977149,0.16653100010444177,20,0
independent-mixed-6-0,independent,mixed,scale,4,24,2,10,0,0,0,0,0.03503300013107946,6.578714000170294,6.278411000039341,6.851476000065304,1290,0
independent-mixed-6-0,independent,mixed,maximum,4,24,2,10,24,4,0,60,0.024737000103414175,6.686003999902823,6.419554000103744,14.002521000065826,1276,0
independent-mixed-6-1,independent,mixed,full,4,24,0,0,24,4,0,348,0.07756700006211759,0.21638599992002128,0.19664599994939636,0.22823399990556936,20,0
independent-mixed-6-1,independent,mixed,exact,4,24,0,0,0,0,6,15,0.030495000146402162,0.14810200013926078,0.1446080000278016,0.15197900006569398,20,0
independent-mixed-6-1,independent,mixed,support,4,24,0,0,12,2,0,174,0.038007000057405094,0.1533610000024055,0.15255000016622944,0.15569500010315096,20,0
independent-mixed-6-1,independent,mixed,scale,4,24,0,0,0,0,0,0,0.02439699983369792,7.448865999776899,6.326723999791284,11.179266999988613,1295,0
independent-mixed-6-1,independent,mixed,maximum,4,24,0,0,24,4,0,60,0.026038999976663035,7.271666999940862,6.621608999921591,14.741524999863032,1276,0
independent-mixed-6-2,independent,mixed,full,4,24,1,5,24,4,0,348,0.08083200009423308,0.20961599989277602,0.20062300018253154,0.22877400010656856,20,0
independent-mixed-6-2,independent,mixed,exact,4,24,1,5,6,1,6,102,0.04699000010077725,0.16903499977161118,0.1688429999830987,0.29441399988172634,20,0
independent-mixed-6-2,independent,mixed,support,4,24,1,5,12,2,0,174,0.037356000120780664,0.2064209998025035,0.1550030001453706,0.29469399987647193,20,0
independent-mixed-6-2,independent,mixed,scale,4,24,1,5,0,0,0,0,0.028632999828914762,6.489279000106762,6.177789999810557,6.706587000053332,1295,0
independent-mixed-6-2,independent,mixed,maximum,4,24,1,5,24,4,0,60,0.02305400016666681,7.290497000212781,6.090688999847771,10.3958260001491,1206,0
independent-mixed-6-3,independent,mixed,full,4,24,1,5,24,4,0,348,0.0864700000420271,0.2139720002105605,0.21068699993520568,0.2358960000492516,20,0
independent-mixed-6-3,independent,mixed,exact,4,24,1,5,6,1,6,102,0.04460700006347906,0.16388700009883905,0.16023200009840366,0.26540000021668675,20,0
independent-mixed-6-3,independent,mixed,support,4,24,1,5,12,2,0,174,0.037436999946294236,0.15574500002912828,0.15220899990708858,0.15734700014036207,20,0
independent-mixed-6-3,independent,mixed,scale,4,24,1,5,0,0,0,0,0.02491700001883146,6.604192999930092,6.573985999921206,6.876832999978433,1290,0
independent-mixed-6-3,independent,mixed,maximum,4,24,1,5,24,4,0,60,0.025027999981830362,7.466770999826622,6.1514409999290365,13.747437000120044,1276,0
independent-mixed-8-0,independent,mixed,full,4,32,2,14,32,4,0,468,0.12269499984540744,0.3105780001533276,0.29497499986064213,0.3169880001223646,28,0
independent-mixed-8-0,independent,mixed,exact,4,32,2,14,16,2,8,236,0.05862800003342272,0.22415800003727782,0.2235570000266307,0.22453799988397805,28,0
independent-mixed-8-0,independent,mixed,support,4,32,2,14,16,2,0,234,0.04415600005813758,0.23394200002258003,0.2130499999566382,0.2616040001157671,28,0
independent-mixed-8-0,independent,mixed,scale,4,32,2,14,0,0,0,0,0.03530300000420539,20.631842000057077,20.43425300007584,31.954353999935847,4088,0
independent-mixed-8-0,independent,mixed,maximum,4,32,2,14,32,4,0,84,0.03780700012612215,28.764657000238003,20.968549000144776,35.24189799986743,4068,0
independent-mixed-8-1,independent,mixed,full,4,32,0,0,32,4,0,468,0.12876400001005095,0.30524999988301715,0.29135899990251346,0.4339550000622694,28,0
independent-mixed-8-1,independent,mixed,exact,4,32,0,0,0,0,8,21,0.03158799995617301,0.22401800015359186,0.21017700009906548,0.29435300007207843,28,0
independent-mixed-8-1,independent,mixed,support,4,32,0,0,16,2,0,234,0.04708100004791049,0.222625999867887,0.21135899987712037,0.33346200007144944,28,0
independent-mixed-8-1,independent,mixed,scale,4,32,0,0,0,0,0,0,0.03723700001501129,20.840426000177104,20.502827999962392,27.998502999935226,4095,0
independent-mixed-8-1,independent,mixed,maximum,4,32,0,0,32,4,0,84,0.04482700001062767,25.42086800008292,22.204111000064586,36.68418200004453,4068,0
independent-mixed-8-2,independent,mixed,full,4,32,1,7,32,4,0,468,0.14395700009117718,0.3151459998207429,0.3147340000850818,2.7175949999218574,28,0
independent-mixed-8-2,independent,mixed,exact,4,32,1,7,8,1,8,138,0.047730999995110324,0.2406529999916529,0.21309999988261552,0.40240599969365576,28,0
independent-mixed-8-2,independent,mixed,support,4,32,1,7,16,2,0,234,0.04446699995241943,0.2232770000318851,0.2026459999342478,0.8617290002348454,28,0
independent-mixed-8-2,independent,mixed,scale,4,32,1,7,0,0,0,0,0.033741000152076595,25.78463599979841,21.242752000262044,28.622718000178793,4095,0
independent-mixed-8-2,independent,mixed,maximum,4,32,1,7,32,4,0,84,0.041151999994326616,22.958262999964063,22.050348999982816,23.96139799998309,3928,0
independent-mixed-8-3,independent,mixed,full,4,32,1,7,32,4,0,468,0.12902499997835548,0.2998620000198571,0.2756149999640911,0.3461119999883522,28,0
independent-mixed-8-3,independent,mixed,exact,4,32,1,7,8,1,8,138,0.05291000002216606,0.23377300021820702,0.21364200006246392,0.26642199986781634,28,0
independent-mixed-8-3,independent,mixed,support,4,32,1,7,16,2,0,234,0.04393600011098897,0.2072320000934269,0.2051890000984713,0.2380990001711325,28,0
independent-mixed-8-3,independent,mixed,scale,4,32,1,7,0,0,0,0,0.03805799997280701,22.0256679999693,21.217255000010482,22.414077999883375,4088,0
independent-mixed-8-3,independent,mixed,maximum,4,32,1,7,32,4,0,84,0.04751199981001264,24.375233000000662,21.291636000114522,25.365034999822456,4068,0
independent-sparse-10-0,independent,sparse,full,4,40,1,9,40,4,0,588,0.1494849998380232,0.5411160000221571,0.4042599998683727,0.5653719999827445,36,0
independent-sparse-10-0,independent,sparse,exact,4,40,1,9,10,1,0,147,0.04565800009004306,0.31087000024854206,0.25799800005188445,0.43946100004177424,36,0
independent-sparse-10-0,independent,sparse,support,4,40,1,9,10,1,0,147,0.039088999983505346,0.2538119999826449,0.24317700012943533,0.3385200000138866,36,0
independent-sparse-10-0,independent,sparse,scale,4,40,1,9,0,0,0,0,0.03490299991426582,57.44661099993209,56.80462199984504,63.54614199972275,9990,0
independent-sparse-10-0,independent,sparse,maximum,4,40,1,9,40,4,0,108,0.04941500014865596,59.757612999874254,59.37249300018266,70.40499900017494,9964,0
independent-sparse-10-1,independent,sparse,full,4,40,0,0,40,4,0,588,0.14630100008616864,0.3846189999876515,0.3803540000717476,0.39007899977150373,36,0
independent-sparse-10-1,independent,sparse,exact,4,40,0,0,0,0,0,0,0.023916000145618455,0.27110799987895007,0.24913600009313086,0.28653100025621825,36,0
independent-sparse-10-1,independent,sparse,support,4,40,0,0,10,1,0,147,0.03561300013643631,0.2839470002982125,0.2583689999937633,0.2887949999603734,36,0
independent-sparse-10-1,independent,sparse,scale,4,40,0,0,0,0,0,0,0.036514999919745605,66.38220600007116,57.58961499986981,66.66238799994062,9999,0
independent-sparse-10-1,independent,sparse,maximum,4,40,0,0,40,4,0,108,0.053210000032777316,55.84006899994165,53.98358200000075,60.1812309998877,9964,0
independent-sparse-10-2,independent,sparse,full,4,40,1,9,40,4,0,588,0.1421949998530181,0.3768889996536018,0.3186609999374923,0.3958760000841721,36,0
independent-sparse-10-2,independent,sparse,exact,4,40,1,9,10,1,0,147,0.04077099993082811,0.27249100003245985,0.2694160000373813,0.299400000130845,36,0
independent-sparse-10-2,independent,sparse,support,4,40,1,9,10,1,0,147,0.03385099989827722,0.2628459997140453,0.24889499991331832,0.31199999989439675,36,0
independent-sparse-10-2,independent,sparse,scale,4,40,1,9,0,0,0,0,0.034551999988252646,56.65986399981193,56.373683999936475,62.93448099995658,9999,0
independent-sparse-10-2,independent,sparse,maximum,4,40,1,9,40,4,0,108,0.05282999995870341,54.86377800002629,54.01242499988257,55.33212399996046,9730,0
independent-sparse-10-3,independent,sparse,full,4,40,1,9,40,4,0,588,0.17348100004710432,0.6393030000708677,0.384990000156904,0.6402849999176397,36,0
independent-sparse-10-3,independent,sparse,exact,4,40,1,9,10,1,0,147,0.04035100005239656,0.2780390002499189,0.25839899990387494,0.32028300006459176,36,0
independent-sparse-10-3,independent,sparse,support,4,40,1,9,10,1,0,147,0.03338000010444375,0.26833500010070566,0.25297100000898354,0.5015460001231986,36,0
independent-sparse-10-3,independent,sparse,scale,4,40,1,9,0,0,0,0,0.036034999993717065,60.457858000063425,60.083183000188,63.775338000141346,9990,0
independent-sparse-10-3,independent,sparse,maximum,4,40,1,9,40,4,0,108,0.05776700004389568,62.38841699996556,57.91288299997177,65.77682400006779,9964,0
independent-sparse-6-0,independent,sparse,full,4,24,1,5,24,4,0,348,0.06488799999715411,0.19615599990174815,0.1955159998487943,0.20694199997706164,20,0
independent-sparse-6-0,independent,sparse,exact,4,24,1,5,6,1,0,87,0.03996000009465206,0.22203399998943496,0.1499269999385433,0.3527409999151132,20,0
independent-sparse-6-0,independent,sparse,support,4,24,1,5,6,1,0,87,0.02829299978657218,0.14541900009135134,0.14455799987445062,0.1556339998387557,20,0
independent-sparse-6-0,independent,sparse,scale,4,24,1,5,0,0,0,0,0.02541799995015026,6.699566000179402,6.051268999954118,6.916954000189435,1290,0
independent-sparse-6-0,independent,sparse,maximum,4,24,1,5,24,4,0,60,0.02435700002934027,7.129003000045486,6.0426860000006855,7.404457999882652,1276,0
independent-sparse-6-1,independent,sparse,full,4,24,0,0,24,4,0,348,0.0680529999499413,0.18701299995882437,0.18633100012266368,0.22780299991609354,20,0
independent-sparse-6-1,independent,sparse,exact,4,24,0,0,0,0,0,0,0.016615000049569062,0.14559000010194723,0.1306770000155666,0.18551000016486796,20,0
independent-sparse-6-1,independent,sparse,support,4,24,0,0,6,1,0,87,0.026749999960884452,0.1503070000126172,0.14427699989028042,0.20422799980224227,20,0
independent-sparse-6-1,independent,sparse,scale,4,24,0,0,0,0,0,0,0.02321500005564303,7.004005000226243,6.396378000090408,7.15008600013789,1295,0
independent-sparse-6-1,independent,sparse,maximum,4,24,0,0,24,4,0,60,0.025547999939590227,6.568108000237771,6.452022999837936,6.599775000040609,1276,0
independent-sparse-6-2,independent,sparse,full,4,24,1,5,24,4,0,348,0.06953499996598111,0.19173999999111402,0.18580000005385955,0.19597599998633086,20,0
independent-sparse-6-2,independent,sparse,exact,4,24,1,5,6,1,0,87,0.034020999919448514,0.15692700003455684,0.15377199997601565,0.3581599999051832,20,0
independent-sparse-6-2,independent,sparse,support,4,24,1,5,6,1,0,87,0.025687999823276186,0.14838400011285557,0.1414829996519984,0.17814900024859526,20,0
independent-sparse-6-2,independent,sparse,scale,4,24,1,5,0,0,0,0,0.030806000040684012,7.096663000083936,6.947709000087343,8.583514999827457,1295,0
independent-sparse-6-2,independent,sparse,maximum,4,24,1,5,24,4,0,60,0.026840999908017693,6.797624000000724,6.549180000092747,6.990443999711715,1206,0
independent-sparse-6-3,independent,sparse,full,4,24,1,5,24,4,0,348,0.07129799996619113,0.1889249999749154,0.18724200003816804,0.6857430000763998,20,0
independent-sparse-6-3,independent,sparse,exact,4,24,1,5,6,1,0,87,0.03979899997830216,0.15963100008775655,0.1545729999179457,0.28078200011805166,20,0
independent-sparse-6-3,independent,sparse,support,4,24,1,5,6,1,0,87,0.026219000119453995,0.1391790001434856,0.13667499979419517,0.20195399997646746,20,0
independent-sparse-6-3,independent,sparse,scale,4,24,1,5,0,0,0,0,0.02236299997093738,6.968972000095164,6.556971000009071,6.974330000048212,1290,0
independent-sparse-6-3,independent,sparse,maximum,4,24,1,5,24,4,0,60,0.02640999991854187,7.029013000192208,6.740066999782357,9.359915999993973,1276,0
independent-sparse-8-0,independent,sparse,full,4,32,1,7,32,4,0,468,0.09299999987888441,0.295535000077507,0.2797119998376729,0.3635680000115826,28,0
independent-sparse-8-0,independent,sparse,exact,4,32,1,7,8,1,0,117,0.03581400005714386,0.20221400018272107,0.19691700003932056,0.25302100016233453,28,0
independent-sparse-8-0,independent,sparse,support,4,32,1,7,8,1,0,117,0.028462999807743472,0.18695099993237818,0.1860410002336721,0.19316100019750593,28,0
independent-sparse-8-0,independent,sparse,scale,4,32,1,7,0,0,0,0,0.03254900002502836,23.861087999875963,23.35920199971042,24.272767999946154,4088,0
independent-sparse-8-0,independent,sparse,maximum,4,32,1,7,32,4,0,84,0.03921899997294531,22.7352609999798,21.444317000032243,23.002122999969288,4068,0
independent-sparse-8-1,independent,sparse,full,4,32,0,0,32,4,0,468,0.10893400008171739,0.2916789999289904,0.282484999843291,0.31474400020670146,28,0
independent-sparse-8-1,independent,sparse,exact,4,32,0,0,0,0,0,0,0.019849999944199226,0.18589999990581418,0.18503999967833806,0.2185190001000592,28,0
independent-sparse-8-1,independent,sparse,support,4,32,0,0,8,1,0,117,0.03532300002007105,0.19902000008187315,0.1940329998433299,0.22263600021688035,28,0
independent-sparse-8-1,independent,sparse,scale,4,32,0,0,0,0,0,0,0.03544300011526502,24.7977390001779,22.286424999947485,27.851420999922993,4095,0
independent-sparse-8-1,independent,sparse,maximum,4,32,0,0,32,4,0,84,0.0402110001687106,23.24467000016739,21.96473200001492,23.67799200033005,4068,0
independent-sparse-8-2,independent,sparse,full,4,32,1,7,32,4,0,468,0.11476299982859928,0.28766399987034674,0.26525099997343204,0.44985799991081876,28,0
independent-sparse-8-2,independent,sparse,exact,4,32,1,7,8,1,0,117,0.039088999983505346,0.20418799999788462,0.20190399982311646,0.20686099969680072,28,0
independent-sparse-8-2,independent,sparse,support,4,32,1,7,8,1,0,117,0.029744999892500346,0.2331220000542089,0.19398199992792797,0.24709299987080158,28,0
independent-sparse-8-2,independent,sparse,scale,4,32,1,7,0,0,0,0,0.034803000062311185,22.106764999989537,21.568842999840854,72.04497099996843,4095,0
independent-sparse-8-2,independent,sparse,maximum,4,32,1,7,32,4,0,84,0.038066999877628405,21.79172899968762,21.119225999882474,22.397921999981918,3928,0
independent-sparse-8-3,independent,sparse,full,4,32,1,7,32,4,0,468,0.09905899992190825,0.2846489999228652,0.26818399987860175,0.285209999901781,28,0
independent-sparse-8-3,independent,sparse,exact,4,32,1,7,8,1,0,117,0.036455000099522294,0.20083300023543416,0.20080299987057515,0.20205500004522037,28,0
independent-sparse-8-3,independent,sparse,support,4,32,1,7,8,1,0,117,0.029113999971741578,0.19082699986938678,0.19079699995927513,0.20872599975518824,28,0
independent-sparse-8-3,independent,sparse,scale,4,32,1,7,0,0,0,0,0.03293899999334826,21.46818100004566,21.45032499993249,22.378613999990193,4088,0
independent-sparse-8-3,independent,sparse,maximum,4,32,1,7,32,4,0,84,0.031066000019563944,22.027514000001247,21.43592299989905,22.998307000079876,4068,0
relay-10-1,relay,relay,full,10,20,10,10,20,10,0,240,0.092279000000417,0.15984100014065916,0.14255500036597368,0.2633779999996477,5,0
relay-10-1,relay,relay,exact,10,20,10,10,20,10,10,250,0.09429300007468555,0.15676700013500522,0.1535200001399062,0.20433900021998852,5,0
relay-10-1,relay,relay,support,10,20,10,10,20,10,0,240,0.06977500015636906,0.15608499984409718,0.13816899991070386,0.16807300016807858,5,0
relay-10-1,relay,relay,scale,10,20,10,10,0,0,0,0,0.016775999938545283,1.974245000155861,1.7408319999958621,2.46209099987027,246,0
relay-10-1,relay,relay,maximum,10,20,10,10,20,10,0,20,0.02362600002925319,1.9993529999737802,1.7499169998700381,2.27466799992726,250,0
relay-10-2,relay,relay,full,10,20,10,10,20,10,0,240,0.16812299986668222,0.381995999987339,0.23848899991207873,0.7453339999301534,5,0
relay-10-2,relay,relay,exact,10,20,10,10,20,10,10,250,0.09817799991651555,0.16377699989789107,0.15094700006557105,0.42196700019303535,5,0
relay-10-2,relay,relay,support,10,20,10,10,20,10,0,240,0.07035599992377684,0.13235999995231396,0.1301259999308968,0.21021799989284773,5,0
relay-10-2,relay,relay,scale,10,20,10,10,0,0,0,0,0.020701000039480277,2.275539000038407,2.045223000095575,2.4985049999486364,311,0
relay-10-2,relay,relay,maximum,10,20,10,10,20,10,0,20,0.02568900004007446,2.1348369998577255,1.726030000099854,2.318174000038198,250,0
relay-10-3,relay,relay,full,10,20,10,10,20,10,0,240,0.07411199999296514,0.13756799990005675,0.13561399987338518,0.1477329997214838,5,0
relay-10-3,relay,relay,exact,10,20,10,10,20,10,10,250,0.1045669998802623,0.1945319997957995,0.1505870000073628,0.2859609999177337,5,0
relay-10-3,relay,relay,support,10,20,10,10,20,10,0,240,0.069756000129928,0.13538400003199058,0.13050700022176898,0.19051699996452953,5,0
relay-10-3,relay,relay,scale,10,20,10,10,0,0,0,0,0.02134199985448504,2.132143000153519,2.121235999993587,2.2748379999484314,338,0
relay-10-3,relay,relay,maximum,10,20,10,10,20,10,0,20,0.022984999986874755,1.7377589999796328,1.5923399998882815,2.090081000005739,250,0
relay-10-4,relay,relay,full,10,20,10,10,20,10,0,240,0.07394199997179385,0.14936599995962752,0.14761200009161257,0.19309000003886467,7,0
relay-10-4,relay,relay,exact,10,20,10,10,20,10,10,250,0.08926500004236004,0.1661910000620992,0.16371700007766776,0.17386200011060282,7,0
relay-10-4,relay,relay,support,10,20,10,10,20,10,0,240,0.0708669999767153,0.1767669998571364,0.1431060002232698,0.35093900009997014,7,0
relay-10-4,relay,relay,scale,10,20,10,10,0,0,0,0,0.017607000017960672,2.141887999869141,2.0082870000805997,2.367777999779719,350,0
relay-10-4,relay,relay,maximum,10,20,10,10,20,10,0,20,0.02374599989707349,1.722485999835044,1.6505480000432726,1.738319999731175,239,0
relay-14-1,relay,relay,full,14,28,14,14,28,14,0,448,0.18307599998479418,0.32705299986446335,0.3211040000223875,0.33616600012464914,7,0
relay-14-1,relay,relay,exact,14,28,14,14,28,14,14,462,0.15907000010884076,0.3813950002040656,0.2843190000021423,0.46900699999241624,7,0
relay-14-1,relay,relay,support,14,28,14,14,28,14,0,448,0.12490800008890801,0.2569570001469401,0.2510980002625729,0.3343729999869538,7,0
relay-14-1,relay,relay,scale,14,28,14,14,0,0,0,0,0.038538000126209226,24.67079799998828,24.068961000011768,24.873153000044113,2375,0
relay-14-1,relay,relay,maximum,14,28,14,14,28,14,0,28,0.054441999964183196,27.076001999830623,26.177007999876878,28.74458700011928,2893,0
relay-14-2,relay,relay,full,14,28,14,14,28,14,0,448,0.18311599978915183,0.3234379998957593,0.3143940000427392,0.3285650000179885,7,0
relay-14-2,relay,relay,exact,14,28,14,14,28,14,14,462,0.1571170000715938,0.3105880000475736,0.29009799982304685,0.3350839999711752,7,0
relay-14-2,relay,relay,support,14,28,14,14,28,14,0,448,0.11627499998212443,0.247844000114128,0.2463509999870439,0.25126899981842143,7,0
relay-14-2,relay,relay,scale,14,28,14,14,0,0,0,0,0.038477999851238565,28.20481300022948,27.356764999922234,28.88614000016787,3039,0
relay-14-2,relay,relay,maximum,14,28,14,14,28,14,0,28,0.053259999958754634,25.72042999986479,24.95378499997969,29.516179999973247,2893,0
relay-14-3,relay,relay,full,14,28,14,14,28,14,0,448,0.198549000060666,0.33810900004027644,0.3063110002585745,0.3767880000395962,7,0
relay-14-3,relay,relay,exact,14,28,14,14,28,14,14,462,0.1560749999498512,0.31027799991534266,0.29212000004008587,0.37876999999753025,7,0
relay-14-3,relay,relay,support,14,28,14,14,28,14,0,448,0.11656600008791429,0.2779890000965679,0.2762359999906039,0.32572100008110283,7,0
relay-14-3,relay,relay,scale,14,28,14,14,0,0,0,0,0.03838799989352992,30.309324999961973,29.792655999926865,32.308078999903955,3295,0
relay-14-3,relay,relay,maximum,14,28,14,14,28,14,0,28,0.05297999996400904,26.140443000031155,25.867882000056852,26.442198000268036,2893,0
relay-14-4,relay,relay,full,14,28,14,14,28,14,0,448,0.19907999990209646,0.35768899988397607,0.32741400013946986,0.4197929999918415,9,0
relay-14-4,relay,relay,exact,14,28,14,14,28,14,14,462,0.25855900003080023,0.5070429999705084,0.4141940000863542,0.5208050001783704,9,0
relay-14-4,relay,relay,support,14,28,14,14,28,14,0,448,0.1250279999567283,0.28146399995421234,0.2660109998942062,0.3626760001225193,9,0
relay-14-4,relay,relay,scale,14,28,14,14,0,0,0,0,0.0393899999835412,29.396157999826755,29.28167699997175,32.250429999976404,3328,0
relay-14-4,relay,relay,maximum,14,28,14,14,28,14,0,28,0.05320000013853132,27.03547099986281,26.690393000080803,27.90274800008774,2851,0
relay-6-1,relay,relay,full,6,12,6,6,12,6,0,96,0.03846799995699257,0.06172300004436693,0.05464199989546614,0.06199399990691745,3,0
relay-6-1,relay,relay,exact,6,12,6,6,12,6,6,102,0.04854300004808465,0.07011500019871164,0.06221399985406606,0.07649400004083873,3,0
relay-6-1,relay,relay,support,6,12,6,6,12,6,0,96,0.03434199993535003,0.058467999906497425,0.055923999980223016,0.06568899993908417,3,0
relay-6-1,relay,relay,scale,6,12,6,6,0,0,0,0,0.01229899999088957,0.18834399998013396,0.10370699988015986,0.28837499985456816,22,0
relay-6-1,relay,relay,maximum,6,12,6,6,12,6,0,12,0.011908000033145072,0.15403299994432018,0.0937219999741501,0.16589999972893565,17,0
relay-6-2,relay,relay,full,6,12,6,6,12,6,0,96,0.033530999871800304,0.056504999975004466,0.05332000000635162,0.058756999806064414,3,0
relay-6-2,relay,relay,exact,6,12,6,6,12,6,6,102,0.04716100011137314,0.10118299996975111,0.07054599996081379,0.11932099982914224,3,0
relay-6-2,relay,relay,support,6,12,6,6,12,6,0,96,0.03500299999359413,0.058628999795473646,0.0553329998638219,0.06247400006031967,3,0
relay-6-2,relay,relay,scale,6,12,6,6,0,0,0,0,0.010255999995933962,0.1296259999890026,0.12739299972963636,0.13459199999488192,32,0
relay-6-2,relay,relay,maximum,6,12,6,6,12,6,0,12,0.011157000017192331,0.09155699990515132,0.0899059998573648,0.10383699986959982,17,0
relay-6-3,relay,relay,full,6,12,6,6,12,6,0,96,0.03237900000385707,0.05440199993245187,0.053350999905887875,0.05961000010756834,3,0
relay-6-3,relay,relay,exact,6,12,6,6,12,6,6,102,0.047122000069066416,0.07046600012472481,0.06361500004459231,0.071579000177735,3,0
relay-6-3,relay,relay,support,6,12,6,6,12,6,0,96,0.03416199979255907,0.05509199991138303,0.054642999657517066,0.05832800025018514,3,0
relay-6-3,relay,relay,scale,6,12,6,6,0,0,0,0,0.010876000033022137,0.12974500009477197,0.12405699999362696,0.2009330000873888,32,0
relay-6-3,relay,relay,maximum,6,12,6,6,12,6,0,12,0.01123700008065498,0.08973600006356719,0.08848299989949737,0.12381699980323901,17,0
relay-6-4,relay,relay,full,6,12,6,6,12,6,0,96,0.031977999924492906,0.06058199983272061,0.05982999982734327,0.061041999970257166,5,0
relay-6-4,relay,relay,exact,6,12,6,6,12,6,6,102,0.04463699997359072,0.1722289998724591,0.06847400004517112,0.20202399991831044,5,0
relay-6-4,relay,relay,support,6,12,6,6,12,6,0,96,0.03486200012048357,0.07259900007738906,0.060642000107691274,0.0916580002012779,5,0
relay-6-4,relay,relay,scale,6,12,6,6,0,0,0,0,0.010906000170507468,0.13456200008477026,0.13376099991546653,0.1393000000007305,36,0
relay-6-4,relay,relay,maximum,6,12,6,6,12,6,0,12,0.011537000091266236,0.0819330000467744,0.08175299990398344,0.08461699985673476,15,0
